System ID,Book Title,Author,Category,Subject,Price,MRP,Stock,ISBN No,Description,Published Year,Binding,Pages,Weight,is_bestseller,is_trending,is_new_arrival,is_featured
z7YrLMOPjbxmVdIM9U3g,2017 Solved All India Ayush PG Entrance Exam,Syed Afzal Hussain,Exam Preparation,AIAPGET / PG / MD / MO / UPSC Entrance Exam Books,64,80,10,9788200000000,,,,,,,,,
WXyth5oMPokAEmAfNdTs,2018 Solved All India Ayush P.G Entrance Exam,Dr. Hina Rashid,Exam Preparation,AIAPGET / PG / MD / MO / UPSC Entrance Exam Books,64,80,10,9789390000000,,,,,,,,,
XCWeaFXigdkYgA5krtNx,2019 Solved All India Ayush P.G Entrance Exam,Dr. Hina Rashid,Exam Preparation,AIAPGET / PG / MD / MO / UPSC Entrance Exam Books,64,80,10,9789390000000,,,,,,,,,
5JBqLqbxWXtNuEsKsPF8,2020 Solved All India Ayush P.G Entrance Exam,Dr. Hina / Syed Afzal Hussain,Exam Preparation,AIAPGET / PG / MD / MO / UPSC Entrance Exam Books,80,100,10,9788200000000,,,,,,,,,
vUZ6hITNbWH9TJannEUv,2021 Solved All India Ayush PG Entrance Exam,Syed Afzal Hussain,Exam Preparation,AIAPGET / PG / MD / MO / UPSC Entrance Exam Books,80,100,10,9788200000000,,,,,,,,,
uPUOV045bQ4Y9mgBuoQN,2022 Solved All India Ayush PG Entrance Exam,Syed Afzal Hussain,Exam Preparation,AIAPGET / PG / MD / MO / UPSC Entrance Exam Books,80,100,10,9788200000000,,,,,,,,,
rNdxmOLv0DIfHVsgZi6u,2023 Solved All India Ayush PG Entrance Exam,Syed Afzal Hussain,Exam Preparation,AIAPGET / PG / MD / MO / UPSC Entrance Exam Books,80,100,10,TEMP-9790000000018,,,,,,,,,
gyxFD3eVRNV0UuhK695v,2024 Solved All India Ayush PG Entrance Exam,Syed Afzal Hussain,Exam Preparation,AIAPGET / PG / MD / MO / UPSC Entrance Exam Books,80,100,10,9789390000000,,,,,,,,,
0sS2HeawX9BWGI1SlemX,2025 Solved All India Ayush PG Entrance Exam,Syed Afzal Hussain,Exam Preparation,AIAPGET / PG / MD / MO / UPSC Entrance Exam Books,80,100,10,TEMP-9790000000025,,,,,,,,,
50ER4ORixna3PTZEJY4f,Aalat Uzn Unf Wa Halaq,Dr. Abdul Nasir,3rd (Final) Prof.,"Ear, Nose & Throat (ENT/Uzn, Unf, Halaq wa Asnan)",240,300,10,9788190000000,,,,,,,,,
gpwXLiTRnHSOKQsTfIcI,Aatish Wa Suzak Ka Mukammal Ilaj,Hkm. Abdul Majeed,Reference Books,Undefined,480,600,10,TEMP-9790000000032,,,,,,,,,
c27yHKcXcTUDeowrtUOT,Adam Tashreehul Badan Vol.1-2 (Anatomy),Hkm. Imamuddin Zakai,1st (First) Prof.,Human Anatomy (Tashreeh-ul-Badan),800,1000,10,TEMP-9790000000049,,,,,,,,,
LZckiae8jS3lhOibLQiK,Advia Haywaniya [Urdu],Dr. Mustehasan,2nd (Second) Prof.,Single Drugs (Mufradat),320,400,10,9788200000000,,,,,,,,,
gr32Eog2Sa1nHgp2qIip,Advia Madniya [Eng],Dr. Mustehasan,2nd (Second) Prof.,Single Drugs (Mufradat),480,600,10,9789390000000,,,,,,,,,
Ufo9pvzQAfbv8L4DiabG,Advia Madniya [Urdu],Dr. Mustehasan,2nd (Second) Prof.,Single Drugs (Mufradat),400,500,10,TEMP-9790000000056,,,,,,,,,
59g9JWZyZjaZu9amaqEi,Afalul Aza Vol.1-2,Hkm. Khalid Zama,1st (First) Prof.,Physiology (Munafe-ul-Aza),480,600,10,TEMP-9790000000063,,,,,,,,,
F7HCzvs5eTU55gpF3PGo,Afzal Medical Dictionary (Lughat),Dr. Wahab Akhtar Aziz,1st (First) Prof.,Dictionary (Lughat),400,500,10,TEMP-9790000000070,,,,,,,,,
btOVrnNsJ3R1MyL2SERO,Afzal Mufredat Vol.1,Syed Asad Hussain / Syed Afzal Hussain,2nd (Second) Prof.,Single Drugs (Mufradat),800,1000,10,9788200000000,,,,,,,,,
3Pu8BodemfMJFXHOuJKO,Afzal Mufredat Vol.1-4,Syed Asad Hussain / Syed Afzal Hussain,2nd (Second) Prof.,Single Drugs (Mufradat),2240,2800,10,TEMP-9790000000087,,,,,,,,,
pdfGt5h4qM5NJCOmbFeh,Afzal Mufredat Vol.2,Syed Asad Hussain / Syed Afzal Hussain,2nd (Second) Prof.,Single Drugs (Mufradat),640,800,10,9788200000000,,,,,,,,,
IylAY2FPtZHMxLWhz6X3,Afzal Mufredat Vol.3,Syed Asad Hussain / Syed Afzal Hussain,2nd (Second) Prof.,Single Drugs (Mufradat),400,500,10,9788200000000,,,,,,,,,
LfUoF2lVtJgnwKtlcHAP,Afzal Mufredat Vol.4,Syed Asad Hussain / Syed Afzal Hussain,2nd (Second) Prof.,Single Drugs (Mufradat),400,500,10,9788200000000,,,,,,,,,
W8n8NfvNPcvmw2i2qiXq,AIAPGET Ke Hal Shuda Sawalat Ma Tohzihat,Dr. Zubair Ansari,Exam Preparation,AIAPGET / PG / MD / MO / UPSC Entrance Exam Books,480,600,10,TEMP-9790000000094,,,,,,,,,
509ZcsKddIWeYW9TWqHc,Akseer Ul Qulub Wa Mufrehul Qulub,Hkm. Mohd. Akbar Arzani,Masters or P.G.,Medicine (Moalijat),640,800,10,9789390000000,,,,,,,,,
xh3Q8cygWjNCm0e8iFZJ,Akseere Azam,Hkm. Md. Kabiruddin,3rd (Final) Prof.,Medicine (Moalijat),800,1000,10,9789390000000,,,,,,,,,
70Vk6rBmMEmStLrBDJnW,Akseere Baah Vol.1-2,Hkm. Nazeer Ahmed Khan,Reference Books,Medicine (Moalijat),800,1000,10,TEMP-9790000000100,,,,,,,,,
PwaZXCsd6W2a6J5otOIz,Akseeri Nuskhe,Hkm. Habib Ashar,Masters or P.G.,,28,35,10,TEMP-9790000000117,,,,,,,,,
i1oUEFBecd08wdwO5VDb,Al Fazul Advia,Hkm. Nooruddin,Reference Books,Undefined,1600,2000,10,TEMP-9790000000124,,,,,,,,,
KUA8snV9qPjCiZL2QgHI,Al Hijama [Eng],Dr. Afasul Kalam,3rd (Final) Prof.,Regimenal Therapy (Ilaj-bil-Tadbeer),320,400,10,9788190000000,,,,,,,,,
LYSZN29uJTIYTuwMjSOh,Al Hijama [Hindi] {Siddhi Wa Pachna},Dr. Afasul Kalam,3rd (Final) Prof.,Regimenal Therapy (Ilaj-bil-Tadbeer),320,400,10,9788190000000,,,,,,,,,
cjqNYB6Mo8W3Ot4xELe1,Al Hijama [Urdu],Dr. Afsahul Kalam,3rd (Final) Prof.,Regimenal Therapy (Ilaj-bil-Tadbeer),320,400,10,9788190000000,,,,,,,,,
Pffb55rol0RvDmyrxbjl,Al Jaryaan,Hkm. Md. Firoozuddin,Reference Books,Undefined,320,400,10,TEMP-9790000000131,,,,,,,,,
kVzhXn7y0PV2QyhzYi2W,Al Moalijat Buqratia Vol.1,Abul Hasan Ahmad Tabri,Reference Books,Medicine (Moalijat),0,0,10,TEMP-9790000000148,,,,,,,,,
KmTKcrWMKY4lUKLxF5wo,Al Moalijat Buqratia Vol.2,Abul Hasan Ahmad Tabri,Reference Books,Medicine (Moalijat),0,0,10,TEMP-9790000000155,,,,,,,,,
uRXxgNlkx0oNMJ59oyuJ,Al Moalijat Buqratia Vol.3,Abul Hasan Ahmad Tabri,Reference Books,Medicine (Moalijat),0,0,10,TEMP-9790000000162,,,,,,,,,
PaXRHQ1NbEHTOqivdtap,Al Moalijat Moti Jurrah,Hkm. Md. Kabiruddin,Reference Books,Medicine (Moalijat),160,200,10,TEMP-9790000000179,,,,,,,,,
OYWlZJvdnSKtQelBFfia,Al Qanoon,Hkm. Bo Ali Sena,Masters or P.G.,Medicine (Moalijat),2400,3000,10,9789390000000,,,,,,,,,
nHcOByvhoUnK7wmNtb5P,Al Qarabadeen Vol.1-2,Hkm. Md. Kabiruddin,Reference Books,Medicine (Moalijat),1600,2000,10,TEMP-9790000000186,,,,,,,,,
VX9dPxWvw6pXSdU5BlSx,Al Risalah Fil Nabz,Hkm. Syed Azizullah Hussaini,2nd (Second) Prof.,Bed Side Clinic (Sareeriyat),80,100,10,9789390000000,,,,,,,,,
Mtj75D3qHHGOF5rmFICx,Al Tashkeesh {Nabz Bool Wa Baraz},Dr. Zubair Ansari,2nd (Second) Prof.,Bed Side Clinic (Sareeriyat),80,100,10,TEMP-9790000000193,,,,,,,,,
QqFRVQayRHM8X7nm18s8,Al-Umoore Tabiya,Dr. Zubair Ansari,1st (First) Prof.,Basic Principle of Unani Medicine (Umoor-e-Tabiya),120,150,10,TEMP-9790000000209,,,,,,,,,
ojIChplJIcogsuR1Crh4,Allopethic Drugs Therapy,Dr. Hasan Askari,Reference Books,Medicine (Moalijat),1600,2000,10,TEMP-9790000000216,,,,,,,,,
RLVtRjrM3y3wNuCbh9CA,Amraz Atfal,Hkm. Md. Mehmood Ansari,3rd (Final) Prof.,Pediatrics (Amraz-e-Atfal),0,0,10,TEMP-9790000000223,,,,,,,,,
0bZ9lTfuH1xvwynkMkQi,Amraz Wabaya Aur Tibbe Unani,Dr. Md. Abdullah,Reference Books,Medicine (Moalijat),160,200,10,TEMP-9790000000230,,,,,,,,,
htCVQEhyMJZtAzmMyoT9,Amraz-E-Niswan MCQs,Saleem Akhtar,Exam Preparation,AIAPGET / PG / MD / MO / UPSC Entrance Exam Books,60,75,10,TEMP-9790000000247,,,,,,,,,
ZJ5DXQkNDePMRZZa67md,Amraz-ul-Ain,Hkm. Shafaqat Azmi,3rd (Final) Prof.,Ophthalmology (Amraz-ul-Ain),120,150,10,TEMP-9790000000254,,,,,,,,,
J2taqtAfAOtLLauKeYhn,Amraze Atfal [Paediatrics],Hkm. Md. Yusuf Ansari,3rd (Final) Prof.,Pediatrics (Amraz-e-Atfal),280,350,10,9789390000000,,,,,,,,,
MEZLDIHnj5YaUsRE0X7R,Amraze Atfal [Paediatrics],Hkm. Wasim Ahmad Azmi,3rd (Final) Prof.,Pediatrics (Amraz-e-Atfal),240,300,10,TEMP-9790000000261,,,,,,,,,
PBBfmIGN78NLR9gdOQUP,Amraze Jild,Dr. Azhar Yasin,3rd (Final) Prof.,Skin Disorders & Cosmetology (Amraz-e-Jild wa Tazeeniyat),200,250,10,TEMP-9790000000278,,,,,,,,,
75dAioCJc8kLZDWbuRcL,Amraze Niswan,Hkm. Wasim Ahmad Azmi,3rd (Final) Prof.,Gynecology & Obstetrics (Amraz-e-Niswan wa Ilmul Qabalat),320,400,10,9788190000000,,,,,,,,,
rASAaw0Ah4UtKBFyRm3I,Amraze Niswan,Hkm. Md. Yusuf Ansari,3rd (Final) Prof.,Gynecology & Obstetrics (Amraz-e-Niswan wa Ilmul Qabalat),280,350,10,TEMP-9790000000285,,,,,,,,,
c0gtZwdz4ItHoYExSVt6,Amraze Subiyaan,Hkm. Md. Abbas Rizvi,Reference Books,Pediatrics (Amraz-e-Atfal),480,600,10,TEMP-9790000000292,,,,,,,,,
3WpBIJ11XGM6K3C0JpNg,"Amraze Uzn, Unf Wa Halaq (ENT)",Prof. Dr. Anees Shah,3rd (Final) Prof.,"Ear, Nose & Throat (ENT/Uzn, Unf, Halaq wa Asnan)",320,400,10,9789390000000,,,,,,,,,
facyAwnLhHac27KapBQh,Anatomy {Tashreeul Badan} MCQs,Dr. Saleem,Exam Preparation,AIAPGET / PG / MD / MO / UPSC Entrance Exam Books,400,500,10,9788190000000,,,,,,,,,
CpuIS83TYKZQIs2xunba,Ancient Pathology,Dr. Hina Tarique,2nd (Second) Prof.,Pathology (Mahiyat-ul-Amraz,120,150,10,9788190000000,,,,,,,,,
8Bh9fQEoJx65LqzLgSJk,Antidiabetic Drugs,Dr. Md. Saleem,Masters or P.G.,Medicine (Moalijat),400,500,10,9789390000000,,,,,,,,,
LDQjLG4IkUWlSVXnfOnQ,Anwarul Murakkabat,Dr. Danish Jafar,2nd (Second) Prof.,Drugs Formulation (Murakkabat),120,150,10,9788200000000,,,,,,,,,
d7ChBTEzInuRK6FuwwSw,Apna Ilaj Khud Kijiye,Dr. Shaheda,General,Medicine (Moalijat),48,60,10,TEMP-9790000000308,,,,,,,,,
GR5smhAaXJfIe5f9yKQs,Arabi Aur Mantiq Wa Falsafa MCQs,Dr. Zubair Ansari,Exam Preparation,AIAPGET / PG / MD / MO / UPSC Entrance Exam Books,80,100,10,9789390000000,,,,,,,,,
v8WGsqiCkkpi7Sh5E47j,Asan Tibb Sawal Wa Jawab,Hkm. Badaruddin,Exam Preparation,AIAPGET / PG / MD / MO / UPSC Entrance Exam Books,120,150,10,9789390000000,,,,,,,,,
G0NI7ScUkLWFvGDXMlpI,Asbab Wa Alamat,Hkm. Najeebuddin,Reference Books,Medicine (Moalijat),480,600,10,TEMP-9790000000315,,,,,,,,,
olF0XMKhldTSac81jc8k,Ashrahul Advia,Dr. Abdul Wadud,2nd (Second) Prof.,Unani Pharmacology (Kulliyat-e-Advia),200,250,10,9789390000000,,,,,,,,,
rHqGefGGgwLx1lVloBtn,Ayurvedic Pharmacopoeia,Pandit Vaid Jagannath,Reference Books,Undefined,1600,2000,10,TEMP-9790000000322,,,,,,,,,
xiOrfPLi8AWkHT7zMcNd,Ba Wasila Mohammd Mushkil Kusha,Md. Ilyas Adil,General,Undefined,280,350,10,TEMP-9790000000339,,,,,,,,,
PesPaQj1tCv81mim4iCo,Bahry Tibb Ke Chand Moti,Hkm. Idress Habban,General,Undefined,200,250,10,TEMP-9790000000346,,,,,,,,,
aNeahSFJsVYoKww7PtXP,Balon Ki Bimariya Aur Unka Ilaj,Hkm. Idress Habban,General,Undefined,120,150,10,9789390000000,,,,,,,,,
3KuzjmaRDauxkbnmtzGr,Banjhpan Ka Mujarrab Ilaj,Hkm. Idress Habban,General,Undefined,200,250,10,9789390000000,,,,,,,,,
SpEsogvIJz8RlRszR8GU,Beauty Care,Farhat Saba,General,Undefined,96,120,10,TEMP-9790000000353,,,,,,,,,
VdHiteAypqI58iygak7o,Benazir Pharmacopoeia,Hkm. Gulam Nabi,Reference Books,Undefined,240,300,10,TEMP-9790000000360,,,,,,,,,
BNjNWozTRQhge376SWly,Biyan Ul Advia,Hkm. Ram Lubhaya,2nd (Second) Prof.,Single Drugs (Mufradat),320,400,10,TEMP-9790000000377,,,,,,,,,
HBJkP1tGUJTckYchVwdS,Biyaz-e- Masiyaha,Hkm. Mohd Hasan Qarshi,Masters or P.G.,Undefined,96,120,10,TEMP-9790000000384,,,,,,,,,
idhygxwp2X5JrkJjYekE,Biyaz-e-Ajmal,Hkm. Ajmal Khan,Masters or P.G.,Undefined,160,200,10,TEMP-9790000000391,,,,,,,,,
KGESRHVRUZ8c2qSUbUJS,Biyaz-E-Kabir Hindi,Hkm. Md. Kabiruddin,2nd (Second) Prof.,Unani Pharmacology (Kulliyat-e-Advia),640,800,10,9789390000000,,,,,,,,,
tRBjfa9Ku5UcP6PvvJtu,Biyaze Chauhan,Hkm. Noor Md. Chauhan,Reference Books,Undefined,1600,2000,10,TEMP-9790000000407,,,,,,,,,
Waq9dwZcmnrHVG3mKD5Y,Biyaze Firoozi,Hkm. Firoozuddin Lahori,Reference Books,Undefined,0,0,10,TEMP-9790000000414,,,,,,,,,
JcMfBOhQQ3Defxi5X6AY,Biyaze Habban,Hkm. Idress Habban,General,Undefined,240,300,10,TEMP-9790000000421,,,,,,,,,
FKmhldwxsfcLBLqDRr4J,Biyaze Hijazi,Hkm. Md. Rafeeq Hijazi,Reference Books,Undefined,0,0,10,TEMP-9790000000438,,,,,,,,,
pNXTbbiFu169MDP6XRBe,Biyaze Kabir,Hkm. Md. Kabiruddin,Reference Books,Unani Pharmacology (Kulliyat-e-Advia),400,500,10,9788200000000,,,,,,,,,
9ztTJJN2gu3NbWtznfG2,Biyaze Khaas (Ilajul Amraz),Hkm. Shareefuddin Kabiruddin,Masters or P.G.,Undefined,1600,2000,10,TEMP-9790000000445,,,,,,,,,
BZdvN7JJe6VAaOCZ7CQD,Biyaze Wahidi,Hkm. Syed Zillur Rehman,Reference Books,Undefined,480,600,10,TEMP-9790000000452,,,,,,,,,
XfhlNQxSrHh1wh6cHNNT,Boron & Boulpeep Medical Physiology,Boron & Boulpeep,Modern Books,Undefined,9224,11530,10,TEMP-9790000000469,,,,,,,,,
iasPYGb6Zjbq5eYUgZh5,Bukahro Ka Usoole Ilaj,Hkm. Md. Kabiruddin,General,Undefined,400,500,10,TEMP-9790000000476,,,,,,,,,
L1422cwBbOPTBJvGKgp3,Bustan-ul-Mufaredat,Hkm. Md. Abdul Hakim,2nd (Second) Prof.,Single Drugs (Mufradat),320,400,10,9789390000000,,,,,,,,,
RGJEgtwA8dqsCIfaUoAm,Canon of Medicine (Al-Qanoon Eng Translation),Mazhar H. Shah,Masters or P.G.,Undefined,640,800,10,9788200000000,,,,,,,,,
joiEAG3bSZdDAqNqDDQP,Chand Musalman Scienceda,Hkm. Sheerazi,General,Undefined,120,150,10,9789390000000,,,,,,,,,
mgcHsh6s4OSgncf5aQwp,Chehre Ko Haseen Banaye,Hkm. Idress Habban,General,Undefined,160,200,10,9789390000000,,,,,,,,,
stEqQDp3LkCTfjPJRKEC,Communication Skill {Mawasalati Maharat},Dr. Nisar Ahmed,2nd (Second) Prof.,Communication Skill,280,350,10,TEMP-9790000000483,,,,,,,,,
USKNc1vTU0MNMejRe09Z,Concept 24 Subjects Revision Guide,Dr. Aysha,Exam Preparation,AIAPGET / PG / MD / MO / UPSC Entrance Exam Books,320,400,10,9789390000000,,,,,,,,,
DmDfGAkNweT7RVNMHF8Y,Concise History & Ethics Medicine (Tarikhe Tibb),Syed Afzal Hussain,1st (First) Prof.,History & Ethics of Medicine (Tareekh-e-Tibb),160,200,10,9789390000000,,,,,,,,,
37uBqGv3cZPM9IhBfX5D,Cosmetology,Dr. Abdul Wadud,3rd (Final) Prof.,Skin Disorders & Cosmetology (Amraz-e-Jild wa Tazeeniyat),160,200,10,9788200000000,,,,,,,,,
T4PhN8UDcVvKatGuWBN5,Costanzo Physiology,Costanzo,Modern Books,Undefined,2760,3450,10,TEMP-9790000000490,,,,,,,,,
pAr0JGVq3VG1bDMUpEqW,Daanton Ko Khubsurat Banaye,Hkm. Idress Habban,General,Undefined,80,100,10,9789390000000,,,,,,,,,
usArp7D8R8RD3MP0aH9o,Dama Ka Mujarab Ilaj,Hkm. Idress Habban,General,Undefined,200,250,10,9788190000000,,,,,,,,,
9RKCRKZ0hlr7JOa3Fo0F,Daniyal Medical Dictionary,Dr. Prof. A.H Bukhari,Reference Books,Undefined,640,800,10,TEMP-9790000000506,,,,,,,,,
bpUZ0gIuTMMsoQwNFZGA,Dau Sadaf {Amraze Jild},Dr. Shamim Khan,3rd (Final) Prof.,Skin Disorders & Cosmetology (Amraz-e-Jild wa Tazeeniyat),60,75,10,TEMP-9790000000513,,,,,,,,,
E8R8OvgUpd6HgDZhDuD0,Dehati Moalij,Hkm. Md. Saeed,Masters or P.G.,Undefined,240,300,10,TEMP-9790000000520,,,,,,,,,
aRmwNTvnxncjJ2kslsGy,Delhi Ke Sahi Matab,Hkm. Khuwaja Ahmed,Masters or P.G.,Undefined,240,300,10,9789390000000,,,,,,,,,
FrOOby2uAtlAQA4lOfcf,Delhi Ke Sahi Murakkabat,Hkm. Khuwaja Rizwan,Masters or P.G.,Undefined,240,300,10,9788190000000,,,,,,,,,
lr0hCrYVONcM85d96wkZ,Dermatology (Amraze Jild),Dr. Mohd. Arif,3rd (Final) Prof.,Skin Disorders & Cosmetology (Amraz-e-Jild wa Tazeeniyat),240,300,10,TEMP-9790000000537,,,,,,,,,
44D2UU97lxqi05UVi7oq,Desi Tibbi Pharmacopoeia,Hkm. Gulam Mohiuddin,Reference Books,Undefined,640,800,10,TEMP-9790000000544,,,,,,,,,
CZuwT0bfjcXMCYBuBId4,Diabeties Ka Mukammal Ilaj Kijiye,Hkm. Idress Habban,General,Undefined,200,250,10,9789390000000,,,,,,,,,
04bpCyMRj90oU2QI7xdT,Dil Ke Amraz,Hkm. Idress Habban,General,Undefined,200,250,10,9788190000000,,,,,,,,,
pxx8JhVZmrVgAWRCj3JZ,Dimagi Amraz Ka Mukammal Ilaj,Hkm. Idress Habban,General,Undefined,320,400,10,9788190000000,,,,,,,,,
qI7iMAE1kk8oEEvae0ml,Dried Fruits Se Ilaj,Hkm. Idress Habban,General,Undefined,160,200,10,9789390000000,,,,,,,,,
FNS46GR4Dr5XO010bYDf,Elite Solved MD Paper,Dr. Umma Asma,Exam Preparation,AIAPGET / PG / MD / MO / UPSC Entrance Exam Books,96,120,10,9789390000000,,,,,,,,,
JlbM2Q4NteJ0MIeI1QFo,Ent & Opthamology Scholar Guide MCQs,Dr. Raashid Qazi,Exam Preparation,AIAPGET / PG / MD / MO / UPSC Entrance Exam Books,320,400,10,9789390000000,,,,,,,,,
nLRMKmqNfsG1I4vMEZxG,Essential of Medical Physiology,K. Sembulingum,Modern Books,Physiology (Munafe-ul-Aza),1596,1995,10,TEMP-9790000000551,,,,,,,,,
XecSV5CMHDysiOi3dLE1,Faiz Umoomi Basology (Faiz Pathology),Dr. Minhajuddin,Reference Books,Undefined,800,1000,10,TEMP-9790000000568,,,,,,,,,
1BFUkFojPpkDC512OB26,Fasd,Dr. Afsahul Kalam,3rd (Final) Prof.,Regimenal Therapy (Ilaj-bil-Tadbeer),160,200,10,9789390000000,,,,,,,,,
6iRCCiS4WUkphbKsiNue,Fast Food Mout Ka Saman,Hkm. Idress Habban,General,Undefined,200,250,10,9788190000000,,,,,,,,,
gbGeId0pAUGuVaaqa6kV,Firdous Ul Hikmat,Hkm. Abul Hasan Tabri,Masters or P.G.,Undefined,280,350,10,9789390000000,,,,,,,,,
vtPsr75Si9t6CQNSR37I,Fruits Se Ilaj,Hkm. Idress Habban,General,Undefined,200,250,10,9789390000000,,,,,,,,,
3OqIaq8cRXeLacDqz0wH,Ganjinae Quwat e Bah,Hkm. Yunus Habibi,General,Undefined,120,150,10,TEMP-9790000000575,,,,,,,,,
llqjLoP2L8cCiJ0W2fjA,Ganong's Review of Medical Physiology,Ganong,Modern Books,Undefined,1996,2495,10,TEMP-9790000000582,,,,,,,,,
QLqEUGGOtzehYOHALf7P,Garb Shashtar,Idara,General,Undefined,40,50,10,TEMP-9790000000599,,,,,,,,,
ceS0nwjFw1v8dmzS79of,Geena Muna,Abdul Mansoor Al Hasan,Masters or P.G.,Undefined,480,600,10,9788190000000,,,,,,,,,
tkvVyLWjKcASAOeC0JnF,General Pathology,Dr. Saba / Dr. Sana,2nd (Second) Prof.,Pathology (Mahiyat-ul-Amraz,320,400,10,9789390000000,,,,,,,,,
3TmzvvLmM5AYXwT8RDgk,General Surgery,Dr. Faheem,3rd (Final) Prof.,Surgery (Ilmul Jarahat),160,200,10,TEMP-9790000000605,,,,,,,,,
pdpP8nAIqXPAw5w2A86Z,Gray Anatomy For Student: South Asia Edition,Veeramani,Modern Books,Undefined,3400,4250,10,TEMP-9790000000612,,,,,,,,,
wABVDfZpyFf5ZLFIeWO1,Gurdoo Ka Mukammal Ilaj,Hkm. Idress Habban,General,Undefined,200,250,10,9789390000000,,,,,,,,,
NzwiWm6WX164mJh72baE,Gurdoo Ke Amraz,Hkm. Maqsud Ali,General,Undefined,80,100,10,TEMP-9790000000629,,,,,,,,,
ZOXW1fMsmBtDdy5ND27i,Gynae & Obstetrics MCQs,Sofia Naushin,Exam Preparation,AIAPGET / PG / MD / MO / UPSC Entrance Exam Books,240,300,10,9789390000000,,,,,,,,,
nCxNl5QEmNGhfihMQY3s,Hadees Nabvi Me Phalo Ka Tazkera,Hkm. Wasim Ahmad Azmi,General,Undefined,80,100,10,TEMP-9790000000636,,,,,,,,,
tYoiZe0dtjnBKeKIbnUK,Hadees Nabvi Me Sabziyo Ka Tazkera,Hkm. Wasim Ahmed Azmi,General,Undefined,80,100,10,TEMP-9790000000643,,,,,,,,,
tFuWEWyqiLztLy71EAc5,Hadiya Mazkor (Mardana Bimariyo Ka Ilaj),Hkm. M. Yusuf Aurangabadi,Reference Books,Undefined,240,300,10,TEMP-9790000000650,,,,,,,,,
8vYsrRllezSnpqTVzI98,Hamdard Matab,Hkm. Abdul Hamid,Masters or P.G.,Undefined,120,150,10,TEMP-9790000000667,,,,,,,,,
T9wbuEOf2qe6BdAwS1Vb,Hamdard Pharmacopoeia,Hkm. Md. Said,Reference Books,Undefined,1600,2000,10,TEMP-9790000000674,,,,,,,,,
SoYN8CinyTNvhZRUmq83,Har Qism Ke Bukhar Ka Mukammal Ilaj,Hkm. Idress Habban,General,Undefined,280,350,10,9788190000000,,,,,,,,,
ezHciwQPJfQsXOAf8s7w,Hayat Niswa Wa Mutalliqa Amraz,Dr. Ayesha Raza,3rd (Final) Prof.,Gynecology & Obstetrics (Amraz-e-Niswan wa Ilmul Qabalat),960,1200,10,9788190000000,,,,,,,,,
lZRbI12Jbc9fXzwIaq5Q,Haziq,Hkm. Ajmal Khan,Masters or P.G.,Undefined,240,300,10,9789390000000,,,,,,,,,
xh48Butx94ITzJfups3Z,Haziq Hindi,Hkm. Ajmal Khan,Masters or P.G.,Undefined,200,250,10,TEMP-9790000000681,,,,,,,,,
ZJ6Fnstl987dT70KCExS,Healing (Low Back Pain),Dr. Abuzar Lari,Masters or P.G.,Undefined,160,200,10,9788190000000,,,,,,,,,
WtneXfpwSYgkHeC81B0l,Health & Baby Care,Farhat Saba,General,Undefined,96,120,10,TEMP-9790000000698,,,,,,,,,
LxhvGS9rVnOe1AGnl15R,Hifzane Sehat,Dr. Bushra Wasim,General,Undefined,40,50,10,9789390000000,,,,,,,,,
1msOFxbPbTeeokc30lyT,Hijamah (Cupping Therapy),Dr. Amjad Ahasan Ali,3rd (Final) Prof.,Regimenal Therapy (Ilaj-bil-Tadbeer),200,250,10,TEMP-9790000000704,,,,,,,,,
pZg93WPitHvedxsUVP12,Hindi Urdu Lughat,Syed Asad Hussain,General,Undefined,64,80,10,TEMP-9790000000711,,,,,,,,,
bVVlqkMSoc8DSxKgjzWA,Human Anatomy (Tashreehul Badan),Dr. Siddiqur Rahman,1st (First) Prof.,Human Anatomy (Tashreeh-ul-Badan),640,800,10,TEMP-9790000000728,,,,,,,,,
9AnbN4xELubozUGtX4Vf,Hummiyat,Mirza Abdul Noor Baig,3rd (Final) Prof.,Medicine (Moalijat),400,500,10,TEMP-9790000000735,,,,,,,,,
uYEeeShmNMiAPmcOOSzK,Hummiyate Qanoon,Hkm. Md. Kabiruddin,Reference Books,Undefined,800,1000,10,TEMP-9790000000742,,,,,,,,,
U4qiFG2VJKscYAQ0RJG9,Hutchison Clinical Method,Michael Glynn,Modern Books,,1960,2450,10,TEMP-9790000000759,,,,,,,,,
QYJmF6vvVgbzJn6YW707,IBT 1400 MCQs with Answer & Explanation,Dr. Izhar,Exam Preparation,AIAPGET / PG / MD / MO / UPSC Entrance Exam Books,640,800,10,9788200000000,,,,,,,,,
ZWBoRz0qmbARD3JwKhqJ,Ibtedae Falsafa Wa Mantiq,Hkm. Hasan Ali,1st (First) Prof.,"Urdu, Arabic, Mantiq wa Falsafa",120,150,10,TEMP-9790000000766,,,,,,,,,
it40LzJvBCzoGc9z0sjQ,Ifadae Kabir Mufassal,Hkm. Md. Kabiruddin,1st (First) Prof.,Basic Principle of Unani Medicine (Umoor-e-Tabiya),300,375,10,9789390000000,,,,,,,,,
R2bTNLaelVOLHUjNfzHo,Ifadae Kabir Mujammal,Hkm. Md. Kabiruddin,1st (First) Prof.,Basic Principle of Unani Medicine (Umoor-e-Tabiya),180,225,10,TEMP-9790000000773,,,,,,,,,
FG1kvj7YT2x3d1YoQeda,Ilaj Bil Hijamah,Abdul Nasir Farooqi,3rd (Final) Prof.,Regimenal Therapy (Ilaj-bil-Tadbeer),80,100,10,9788200000000,,,,,,,,,
IfpwyQ0t9AC20I1H0IlY,Ilaj bil Tadabeer,Dr. Abdul Mubeen Khan,3rd (Final) Prof.,Regimenal Therapy (Ilaj-bil-Tadbeer),96,120,10,9789390000000,,,,,,,,,
nL3QSLEQUtuND6UhMfPp,Ilaj bil Tadabeer,Hkm. Kamaluddin Hamdani,3rd (Final) Prof.,Regimenal Therapy (Ilaj-bil-Tadbeer),96,120,10,9789390000000,,,,,,,,,
VfOTL4LqPEXJZANpm0Aw,Ilaj Bil Tadabeer,S. M. Akram,3rd (Final) Prof.,Regimenal Therapy (Ilaj-bil-Tadbeer),240,300,10,9788200000000,,,,,,,,,
8ioBMNxfaHfOGy1C64Jv,Ilaj Bil Tadabeer,Dr. Mehfuzur Rehman,3rd (Final) Prof.,Regimenal Therapy (Ilaj-bil-Tadbeer),80,100,10,9789390000000,,,,,,,,,
TIVjFDTSHU1MuuxXWTAm,Ilaj Bil Tadabeer,Dr. Ahmad Raza,3rd (Final) Prof.,Regimenal Therapy (Ilaj-bil-Tadbeer),640,800,10,9789390000000,,,,,,,,,
VaFUdUFakf8a0XjI2WwO,Ilaj Bil Tadabeer,Dr. Isa Nadvi,3rd (Final) Prof.,Regimenal Therapy (Ilaj-bil-Tadbeer),480,600,10,9789390000000,,,,,,,,,
cdLCkpnnq9xgLMQTlU03,Ilajul Amraz {Biyaze Khas},Hkm. Md. Sharif Khan / Kabiruddin,Masters or P.G.,Undefined,1600,2000,10,TEMP-9790000000780,,,,,,,,,
jN0vcji2kOiS6vPPVpSI,Ilajul Gurba,Hkm. Imam,Masters or P.G.,Undefined,120,150,10,9789390000000,,,,,,,,,
18KGzU2Fhj0kyShu7aMD,Ilme Jaraseem,Mirza Abdul Noor Baig,Reference Books,Pathology (Mahiyat-ul-Amraz,240,300,10,TEMP-9790000000797,,,,,,,,,
heAPTCmsa6waGtNNR7dE,Ilme Jaraseem,Allama Masood Hafiz,Reference Books,Pathology (Mahiyat-ul-Amraz,48,60,10,TEMP-9790000000803,,,,,,,,,
lySx9oc15n3ZUu1nlakK,Ilme Jinsiyat,Dr. Kamaruz Zama,General,Undefined,80,100,10,9788190000000,,,,,,,,,
jPDfdpXHeyTkpKiD4Mii,Ilmul Adad Ka Encyclopedia,Syed Zeeshan Nizami,General,Undefined,240,300,10,TEMP-9790000000810,,,,,,,,,
c2YeIj0kO61zEPLGW1ck,Ilmul Advia Doctory (Materia Medica),Muzaffar Hussain Awan,Reference Books,Undefined,640,800,10,TEMP-9790000000827,,,,,,,,,
J5PwCUS72XHBllaodEWD,Ilmul Advia Ki Do Taqseem,Hkm. Md. Kabiruddin,Reference Books,Undefined,0,0,10,TEMP-9790000000834,,,,,,,,,
gtk8yIynmAukjNhOQRyZ,Ilmul Advia Ques/Ans,Dr. Saleem,Exam Preparation,AIAPGET / PG / MD / MO / UPSC Entrance Exam Books,120,150,10,9788190000000,,,,,,,,,
CigBi2PW5IfV9GkDdSDQ,Ilmul Amraaz Qadeem Wa Jadeed,Dr. Sidra,2nd (Second) Prof.,Pathology (Mahiyat-ul-Amraz,240,300,10,9788200000000,,,,,,,,,
MXt9ab1IlERyY47kQcxl,Ilmul Amraz (Pathology),Hkm. Md. Yusuf Ansari,2nd (Second) Prof.,Pathology (Mahiyat-ul-Amraz,320,400,10,9789390000000,,,,,,,,,
OCwexCqaHByZieHqyF7o,Ilmul Amraz (Pathology),Dr. Zubair Ansari,2nd (Second) Prof.,Pathology (Mahiyat-ul-Amraz,200,250,10,TEMP-9790000000841,,,,,,,,,
y2PYvUzF4oP9naHeun1M,Ilmul Amraz (Pathology),Dr. Md. Gufran,2nd (Second) Prof.,Pathology (Mahiyat-ul-Amraz,240,300,10,TEMP-9790000000858,,,,,,,,,
Cl0ZMIVCoJ8KsN3R9OTq,Ilmul Jarahat,Abdul Irfan,3rd (Final) Prof.,Surgery (Ilmul Jarahat),0,0,10,TEMP-9790000000865,,,,,,,,,
o6DmQ8WBARiC1RPSfWXK,Ilmul Mufredat,Prof. Nisaar Ahmad,2nd (Second) Prof.,Single Drugs (Mufradat),0,0,10,TEMP-9790000000872,,,,,,,,,
9dkJV5ot56bl4J0QQCfx,Ilmul Saidla,Hkm. Md. Kabiruddin,2nd (Second) Prof.,Unani Pharmacy (Ilmul Saidla),120,150,10,TEMP-9790000000889,,,,,,,,,
BWAGJ2IZ6c1N9hpGxRox,Ilmul Saidla,Syed Afzal Hussain,2nd (Second) Prof.,Unani Pharmacy (Ilmul Saidla),320,400,10,9789390000000,,,,,,,,,
QX5ldHGavUweUkS72ZUE,Ilmul Saidla,Hkm. Wasim Ahmad Azmi,2nd (Second) Prof.,Unani Pharmacy (Ilmul Saidla),160,200,10,9789390000000,,,,,,,,,
03Pzz8KFPDy6eaoNV0Nx,Ilmul Wiladat Ilmul Qabla,Dr. Saleem Khan,3rd (Final) Prof.,Gynecology & Obstetrics (Amraz-e-Niswan wa Ilmul Qabalat),0,0,10,TEMP-9790000000896,,,,,,,,,
6sO14hHq7dBh38g9eYYt,Ilmum Samoom (Toxicology),Hkm. Hammad Usmani,2nd (Second) Prof.,Toxicology (Ilmul Samoom),120,150,10,TEMP-9790000000902,,,,,,,,,
r45pnbynRAc2DysOfJ0L,Ilmum Samoom (Toxicology),Hkm. Md. Yusuf Ansari,2nd (Second) Prof.,Toxicology (Ilmul Samoom),200,250,10,9789390000000,,,,,,,,,
NHCtzusdVTcbIknGVhb5,Inke Shafe Gaibi Al Hub Manmohni,Maulvi Karam / Ilyas Adil,General,Undefined,320,400,10,9789390000000,,,,,,,,,
0H5I1UnW1PViJ9pWTyuh,Integrative Management of Non Healing,Dr. Saiyad Shah Alam,3rd (Final) Prof.,Surgery (Ilmul Jarahat),320,400,10,9789390000000,,,,,,,,,
fGibRHXRrNpIRMcJvdi4,Intekhabe Mazameen,Md. Javed Akhtar,1st (First) Prof.,"Urdu, Arabic, Mantiq wa Falsafa",240,300,10,9788200000000,,,,,,,,,
oKfPyXMfwaOfhOA2XOie,Introduction of Al Umoore Tabaiyya,Dr. Ishtiyaq Ahmad,1st (First) Prof.,Basic Principle of Unani Medicine (Umoor-e-Tabiya),320,400,10,TEMP-9790000000919,,,,,,,,,
opjWo94iSwncX95gkI08,Iqbal Poetry Eng,Dr. Abdul Gani,General,Undefined,480,600,10,TEMP-9790000000926,,,,,,,,,
QzmVFUW1nw5lFIY6Rohe,Itlaaqi Kulliyat,Dr. Mehmooda Begum,1st (First) Prof.,Basic Principle of Unani Medicine (Umoor-e-Tabiya),240,300,10,TEMP-9790000000933,,,,,,,,,
pOlEaQbrd9ooYSsXcrMz,Jadeed Unani Dawasazi,Hkm. Zillur Rehman,2nd (Second) Prof.,Unani Pharmacy (Ilmul Saidla),160,200,10,9788190000000,,,,,,,,,
GLnVhaLLcFOEpNuQG9qq,Jama Usoole Tibb,Dr. Shezad Yaqoob,Exam Preparation,AIAPGET / PG / MD / MO / UPSC Entrance Exam Books,120,150,10,9789390000000,,,,,,,,,
xVRJ53w2fHlIhfiku4hC,Jame-ul-Hikhmat,Hkm. Mohd Hasan Qarshi,Masters or P.G.,Undefined,1600,2000,10,TEMP-9790000000940,,,,,,,,,
KFCaysTmOeCK6nhWZItV,Jameul Advia,Syed Afzal Hussain,Exam Preparation,AIAPGET / PG / MD / MO / UPSC Entrance Exam Books,320,400,10,9789390000000,,,,,,,,,
PYAIuji0uNPoapori6Q4,Jameul Advia,Abdul  Bari,Undefined,Undefined,160,200,10,TEMP-9790000000957,,,,,,,,,
ZcE95b84TzQXZRYfhQKq,Jarahat-e-Umoomi wa Nizami,Hkm. Md. Yusuf Ansari,3rd (Final) Prof.,Surgery (Ilmul Jarahat),640,800,10,TEMP-9790000000964,,,,,,,,,
RSagIZez7NPDfHk8Se3g,Jarahiyate Zahrawi,Abul Qasim Zahrawi,Reference Books,Undefined,0,0,10,TEMP-9790000000971,,,,,,,,,
dZLa4jYIpFsk7LWxEhZ3,Jaraseem Aur Tibbe Qadeem,Hkm. Md. Kabiruddin,Reference Books,Undefined,160,200,10,TEMP-9790000000988,,,,,,,,,
W2LmsI5f4OMFmuFP0diZ,Jawarahat Sitare Aur Tibbi Ilaj,Alim Iqbal,Reference Books,Undefined,800,1000,10,TEMP-9790000000995,,,,,,,,,
ksRibSDXHMYeCo93hpfJ,Jild Ko Khubsurat Banaye,Hkm. Idress Habban,General,Undefined,120,150,10,9789390000000,,,,,,,,,
7LtQ3SAzMZVVpyvuGjh9,Jild Wa Tazeeniyat,Arshad Jamal,3rd (Final) Prof.,Skin Disorders & Cosmetology (Amraz-e-Jild wa Tazeeniyat),480,600,10,TEMP-9790000001008,,,,,,,,,
jwxCusqaF4no5Fksflvw,Jinsi Amraz Ka Ilaj (Silk Marwareed),Hkm. Md. Hasan Qarshi,Reference Books,Undefined,800,1000,10,TEMP-9790000001015,,,,,,,,,
2PCHdRSI7ZBYXfTx03qU,Jinsi Mohabbat Ke Israr,Idara,General,Undefined,40,50,10,TEMP-9790000001022,,,,,,,,,
NYZMYlQhzWGStbbYZeGj,Jinsiyaat Ki Pehli Kitab,Hkm. Md. Yusuf,General,Undefined,40,50,10,TEMP-9790000001039,,,,,,,,,
JuiUuVDWq7VKFbc29T5i,Kaleed Shifa,Hkm. Idress Habban,General,Undefined,320,400,10,TEMP-9790000001046,,,,,,,,,
9ZA0s7fAdYr1f4QWwrDb,Kaloonji Ke Kamalat,Hkm. Nasir Ahmed Tariq,General,Undefined,80,100,10,TEMP-9790000001053,,,,,,,,,
V2clBG550zwqHq008rf7,Kaloonji Ke Karishmat Hindi,Hkm. Tariq Mehmood Chugtai,General,Undefined,32,40,10,TEMP-9790000001060,,,,,,,,,
oAm7SsCcxeh7R1mACy0U,Kaloonji Ke Karishmat Urdu,Hkm. Tariq Mehmood Chugtai,General,Undefined,48,60,10,9788190000000,,,,,,,,,
ojT7tnlLPdCcai03PyVk,Kamil Us Sana,Hkm. Ibne Abbas Majusi,Masters or P.G.,Undefined,2000,2500,10,9788190000000,,,,,,,,,
zPafSwoIsk2Bha3Xjx3j,Kanjul Mufredat,Hkm. Abdullah,Masters or P.G.,Undefined,40,50,10,TEMP-9790000001077,,,,,,,,,
hIZOm6gTXitS8Apnb0gr,Kanjul Mujarrebat,Hkm. Mohd Abdullah,Masters or P.G.,Undefined,480,600,10,TEMP-9790000001084,,,,,,,,,
p6GDC3pbY3HgA8p3QuBX,Kanjul Murakkabat,Hkm. Abdullah,Reference Books,Undefined,800,1000,10,TEMP-9790000001091,,,,,,,,,
9kclPYRvb8yjmkpWntsC,Kanjul Tashkeesh,Hkm. Md. Rafeeq Hizaji,Reference Books,Undefined,400,500,10,TEMP-9790000001107,,,,,,,,,
wZ4XljcAJiiDeDUbkSOK,Karamad Gharelu Gizahi Nuskhe Hindi,Hkm. Imamuddin Zakai,General,Undefined,160,200,10,9788190000000,,,,,,,,,
OVeBT8sYkQlRuLmHm4mg,Khairul Tajarib,Hkm. Khair Andesh Khan,Reference Books,Undefined,0,0,10,TEMP-9790000001114,,,,,,,,,
3n3M4rLf3cNjfUj5qz8O,Khawas Ul Advia (Darakhton Aur Phodho Ke Khawas),Hkm. Md.,General,Undefined,480,600,10,TEMP-9790000001121,,,,,,,,,
IHvVYK9o7ahPwSHZWGQM,Khawas Ul Advia (Phaloo Aur Sabziyon Ke Khawas),Hkm. Md.,General,Undefined,320,400,10,TEMP-9790000001138,,,,,,,,,
6ILzkROvkfgoo7O4s1zw,Khawateen Do Shijao Ki Mushkile,Dr. Shaheda,General,Undefined,96,120,10,TEMP-9790000001145,,,,,,,,,
ojBDrirDYqvA55m92Kyw,Khazain Ul Advia Vol.1-2,Hkm. Najmul Gani,Masters or P.G.,Undefined,2800,3500,10,9789390000000,,,,,,,,,
Tm72PmKi43RbBx2Z9PDZ,Khuf Alai,Hkm. Tajuddin,General,Undefined,80,100,10,TEMP-9790000001152,,,,,,,,,
EdaFddCGuS5uKJU2fkC1,Khush Naweesan-E-Tib Ek Jaizah,Hkm. Wasim Ahmad Azmi,General,Undefined,83.2,104,10,TEMP-9790000001169,,,,,,,,,
uxAP5in1F9SuIH3Bf8Uz,Kifaya Mansoori (Risala Chob Chini),Hkm. Mansoor Bin Yusuf,Reference Books,Undefined,1600,2000,10,TEMP-9790000001176,,,,,,,,,
yTakIv3s6VDzvSToZO2C,Kitab E Qabla,Hkm. Md. Yusuf Ansari,3rd (Final) Prof.,Gynecology & Obstetrics (Amraz-e-Niswan wa Ilmul Qabalat),280,350,10,TEMP-9790000001183,,,,,,,,,
QYVm7mfohZGDURyxJOZr,Kitab Kuliyat-e-Advia,Hkm. Tahir Mehmood,2nd (Second) Prof.,Unani Pharmacology (Kulliyat-e-Advia),120,150,10,TEMP-9790000001190,,,,,,,,,
lNy5DIFH9EcCp14pUO9c,Kitab Tashkeesh Amraz Mukammal,Dr. Fazal Karim,Reference Books,Undefined,0,0,10,TEMP-9790000001206,,,,,,,,,
ldN6U0j0kwEFyfKlX3lc,Kitab Ul Taskheesh,Hkm. Md. Kabiruddin,2nd (Second) Prof.,Bed Side Clinic (Sareeriyat),320,400,10,9789390000000,,,,,,,,,
WIRtSiDrxja0c7bZ5JRn,Kitab-Ul Nabz,Hkm. Md. Kabiruddin,2nd (Second) Prof.,Bed Side Clinic (Sareeriyat),64,80,10,TEMP-9790000001213,,,,,,,,,
gHmSjqOo53JKVaZj34U3,Kitab-ul-Ain,Prof. Dr. Anees Shah,3rd (Final) Prof.,Ophthalmology (Amraz-ul-Ain),320,400,10,9788200000000,,,,,,,,,
XKZluOdUzSSMkmaTYlyj,Kitab-ul-Basr,Hkm. Md. Yusuf Ansari,3rd (Final) Prof.,Ophthalmology (Amraz-ul-Ain),280,350,10,TEMP-9790000001220,,,,,,,,,
R3Qp0BcLixDq3oY0bmIv,Kitab-ul-Masadeer {Usoole Ilaj},Dr. Fizan Ilahi,2nd (Second) Prof.,Principle of Management (Usool-e-Ilaj),160,200,10,9789390000000,,,,,,,,,
EkFrYMWAOn26ca9ahf5W,Kitabul Advia,Hkm. Abu Gazali Shamshi,Masters or P.G.,Undefined,0,0,10,TEMP-9790000001237,,,,,,,,,
mnUb3u4hJ7YzmwaUvh0Q,Kitabul Akhlat,Hkm. Md. Kabiruddin,Reference Books,Undefined,0,0,10,TEMP-9790000001244,,,,,,,,,
U4m37ix99VfRQBsKoIow,"Kitabul Havi Vol.1-15, Vol.17-19 & Vol.21-23",Hkm. Abu Bakar Zikariya Razi,Reference Books,Undefined,4000,5000,10,TEMP-9790000001251,,,,,,,,,
wZpAX4avCcRl8hJ3w8LJ,Kitabul Istehlahat {Anatomical Terms},Dr. Shamshul Afaaq,1st (First) Prof.,Dictionary (Lughat),80,100,10,TEMP-9790000001268,,,,,,,,,
RObgFL7gcrda9xSAOGvU,Kitabul Jarahat Vol.1-2,Hkm. Hammad Usmani,Reference Books,Surgery (Ilmul Jarahat),0,0,10,TEMP-9790000001275,,,,,,,,,
eFNoEwg66NNk3PTl3h7A,Kitabul Kulliyat,Ibne Rushd,Masters or P.G.,Undefined,480,600,10,TEMP-9790000001282,,,,,,,,,
dMHccmht8KxXrs856IUL,Kitabul Mah,Abu Sahel Isa Al Masihi,Reference Books,Undefined,0,0,10,TEMP-9790000001299,,,,,,,,,
CwHEuC7mJkcpcRPF6zZV,Kitabul Mansoori,Hkm. Abu Bakar Zikariya Razi,Reference Books,Undefined,800,1000,10,TEMP-9790000001305,,,,,,,,,
zBeLSRsKIWCpuTv5aRy9,"Kitabul Moalijat (Amraz, Jild Wa Mufasil)",Anisur Rehman,3rd (Final) Prof.,Medicine (Moalijat),0,0,10,TEMP-9790000001312,,,,,,,,,
54Ha5QylD8zJThliJOgH,Kitabul Mufredat,Iqbal Ahmad Qasmi,Reference Books,Single Drugs (Mufradat),400,500,10,TEMP-9790000001329,,,,,,,,,
geMpoQES8HJAl8Ul4M4u,Kitabul Mufredat,Muzaffar Hussain Awan,Reference Books,Undefined,1600,2000,10,TEMP-9790000001336,,,,,,,,,
tEla899ijC9b1qxvKjv3,Kitabul Mujarebat,Dr. Zubair Ansari,Masters or P.G.,Undefined,40,50,10,9789390000000,,,,,,,,,
8XdlNbTevHwgpdsMYtQq,Kitabul Murakabat,Hkm. Zillur Rahman,2nd (Second) Prof.,Drugs Formulation (Murakkabat),160,200,10,TEMP-9790000001343,,,,,,,,,
m4mmOjz4LKrnt9FtSSwl,Kitabul Murakabat,Nafis Ahmad Qasmi,Masters or P.G.,Undefined,160,200,10,TEMP-9790000001350,,,,,,,,,
qJuX0yK5Aq95rAyUV98z,Kitabul Murakkabat,Syed Afzal Hussain,2nd (Second) Prof.,Drugs Formulation (Murakkabat),320,400,10,9789390000000,,,,,,,,,
J1His8NTyjYcNXscftb9,Kitabul Murakkabat Makhzanul Murakkabat,Hkm. Gulam Jeelani,Reference Books,Undefined,800,1000,10,TEMP-9790000001367,,,,,,,,,
xKUA1IaYhUE3BHfubwVs,Kitabul Mursheed,Hkm. Abu Bakar Zikariya Razi,Reference Books,Undefined,80,100,10,TEMP-9790000001374,,,,,,,,,
veoWZo5b5Ve3yz32slK8,Kitabul Saidla (Ilmi wa Amli Sanat Unani Dawasazi),Hkm. Gulam,2nd (Second) Prof.,Unani Pharmacy (Ilmul Saidla),240,300,10,9789390000000,,,,,,,,,
THoNP0i2HAElAfHWRdu0,Kitabul Tadbeer,Arshad Jamal,3rd (Final) Prof.,Regimenal Therapy (Ilaj-bil-Tadbeer),0,0,10,TEMP-9790000001381,,,,,,,,,
8PhdsoixaCNHuJBPvcaE,Kitabul Taklees,Iqbal Ahmad Qasmi,Reference Books,Undefined,240,300,10,TEMP-9790000001398,,,,,,,,,
ZCdwr1gMQtTd7aJ6CDeb,Kitabul Taklees,Hkm. Md. Kabiruddin,Reference Books,Undefined,400,500,10,TEMP-9790000001404,,,,,,,,,
kqUIkrTne7QqeUtARRls,Kitabul Taklees,Abdul Hafeez,Reference Books,Undefined,800,1000,10,TEMP-9790000001411,,,,,,,,,
3KOtkK5kSBT8ZXnu05el,Kitabus Samoom,Hkm. Khawaja Rizwan,Reference Books,Undefined,640,800,10,TEMP-9790000001428,,,,,,,,,
KyiPYCsUy8TAvV9mbWr2,Kulliyat E Advia,Hkm. Md. Kabiruddin,2nd (Second) Prof.,Unani Pharmacology (Kulliyat-e-Advia),400,500,10,9789390000000,,,,,,,,,
PgvB9JuTJbHEDjxKRwK7,Kulliyat E Nafeesi,Hkm. Md. Kabiruddin,1st (First) Prof.,Basic Principle of Unani Medicine (Umoor-e-Tabiya),320,400,10,9789390000000,,,,,,,,,
8QjlYIMHx0NXOTnN0mpm,Kulliyat E Umoore Tabbiya ke Sawal Wa Jawab,Dr. Zubair Ansari,Exam Preparation,AIAPGET / PG / MD / MO / UPSC Entrance Exam Books,120,150,10,9789390000000,,,,,,,,,
uts96OT2hjmH2L0XV8Xc,Kulliyat Ke Mubahis Zaroori,Hkm. Md. Kabiruddin,Reference Books,Undefined,0,0,10,TEMP-9790000001435,,,,,,,,,
LcPkFRsAlrkZc8tilHRk,Kulliyat MCQs,Dr. Saleem Akhtar,Exam Preparation,AIAPGET / PG / MD / MO / UPSC Entrance Exam Books,64,80,10,9789390000000,,,,,,,,,
vMxPTvYhxCfnsQ9J6PXv,Kulliyat-e-Advia,Hkm. Wasim Ahmad Azmi,2nd (Second) Prof.,Unani Pharmacology (Kulliyat-e-Advia),240,300,10,9789390000000,,,,,,,,,
EqwXU2IwiLE7Guceq7sv,Kulliyate Advia Eng,Hkm. Wasim Ahmad Azmi,2nd (Second) Prof.,Unani Pharmacology (Kulliyat-e-Advia),160,200,10,9789390000000,,,,,,,,,
ivDKOyVkPy8qa4CP7uZ7,Kulliyate Asri,Dr. Ishtiyaq Ahmad,1st (First) Prof.,Basic Principle of Unani Medicine (Umoor-e-Tabiya),480,600,10,TEMP-9790000001442,,,,,,,,,
yEgFj7yC2AKg8YLmZ7HL,Kulliyate Iqbal,Allama Md. Iqbal,General,Undefined,128,160,10,TEMP-9790000001459,,,,,,,,,
82M8D4X2xU5aznNYS2Q3,Kulliyate Tehqeqaat Vol.1-2,Sabir Multani,Reference Books,Undefined,3200,4000,10,TEMP-9790000001466,,,,,,,,,
GBaZE9OyS57HoywHruu3,Kulliyate Umoore Tabaiyya,Hkm. Tashkeer Ahmad,1st (First) Prof.,Basic Principle of Unani Medicine (Umoor-e-Tabiya),160,200,10,TEMP-9790000001473,,,,,,,,,
usVsrE7z6xUYI4EbG7dr,Laboratory Guide,Dr. Atiqur Rehman,Masters or P.G.,Undefined,800,1000,10,TEMP-9790000001480,,,,,,,,,
7NMrDlsBYe7Q7dXnlvOS,Lasani Lughat Advia,Pandit Thakur Dat Sharma,General,Undefined,0,0,10,TEMP-9790000001497,,,,,,,,,
6OdLaLvDo2NarEzdu9xm,Lisanul Arabia,Dr. Abdul Quddus,1st (First) Prof.,"Urdu, Arabic, Mantiq wa Falsafa",320,400,10,9788200000000,,,,,,,,,
YzPGVaZZAkdRRKZ5pM2Z,Lughat Ul Advia,Hkm. Md. Kabiruddin,1st (First) Prof.,Dictionary (Lughat),240,300,10,TEMP-9790000001503,,,,,,,,,
BBoJxOsVjv9bRreOrcOc,Luqmani Formulae,Abdul Wahid,Masters or P.G.,Undefined,240,300,10,9789390000000,,,,,,,,,
2MWXO8a1AMXrMpKNqCG1,Luqmani Guide,Hkm. Peer Abdul Rahim,Masters or P.G.,Undefined,240,300,10,9789390000000,,,,,,,,,
TZxrfmasGs1UL5KSZunv,Madan Al Akseer Dar Ilme Kushtajaat,Hkm. Md. Firoozuddin,Reference Books,Undefined,0,0,10,TEMP-9790000001510,,,,,,,,,
IZWnWvhHtJ0hM6wllKKU,Maheetul Amraz,Gulam Haider Khan,Masters or P.G.,Undefined,80,100,10,9789390000000,,,,,,,,,
FAQXidbAKOCtzece20Qg,Maheetul Amraz Nizami Urdu,Dr. Saba / Dr. Sana,2nd (Second) Prof.,Pathology (Mahiyat-ul-Amraz,200,250,10,9789390000000,,,,,,,,,
aXr9YCemYCRJH4eZHPCl,Majalis Habibul Ummat,Hkm. Idress Habban,General,Undefined,320,400,10,9788190000000,,,,,,,,,
THb0UrchzWT44sBlmsRR,Majmua Sawalat,Dr. Abdul Nasir Farooqi,2nd (Second) Prof.,Single Drugs (Mufradat),200,250,10,9788200000000,,,,,,,,,
lTCixg0EoWkZwR75RPG8,Makhzan Ayurved Ghar Ka Waid Ya Hakim,Vaid Krishan Diyaal,Reference Books,Undefined,0,0,10,TEMP-9790000001527,,,,,,,,,
l8BrtYZDYPIovd0WahbT,Makhzan Mufredat Wa Murakkabat,Munshi Gulam Nabi,Masters or P.G.,Undefined,0,0,10,TEMP-9790000001534,,,,,,,,,
2LRrFH7AOVthp2HrFqQk,Makhzane Hikmat Vol.1-2,Dr. Gulam Jeelani,Masters or P.G.,Undefined,960,1200,10,9789390000000,,,,,,,,,
KBvpRfO2BcNf9FLGCvf3,Makhzanul Ilaj (Biyaze Jeelani),Hkm. Gulam Jeelani,Reference Books,Undefined,1600,2000,10,TEMP-9790000001541,,,,,,,,,
5uaCOUDTY1qKmSVTOzvc,Makhzanul Mufredat,Hkm. Md. Kabiruddin,2nd (Second) Prof.,Single Drugs (Mufradat),360,450,10,9788190000000,,,,,,,,,
lgEa4NTQrMSyMv7rHpv4,Maktobate Urdu ka Adabi,Khawaja Ahmad Farooqi,,Undefined,154.4,193,10,TEMP-9790000001558,,,,,,,,,
ZI1CA2lvlowmujCdL1Ab,Maloomat Nabz Wa Qaroora,Hkm. Imamuddin Zakai,2nd (Second) Prof.,Bed Side Clinic (Sareeriyat),64,80,10,TEMP-9790000001565,,,,,,,,,
zpQiK9cOgn9bp4JY9C0T,Mamulate Matab,Mirza Abdul Noor Baig,Masters or P.G.,Undefined,0,0,10,TEMP-9790000001572,,,,,,,,,
y3pK9rzTRwfmix13kUVF,Maraj-ul-Bahrain,Dr. Syed Abdul Hameed,Masters or P.G.,Undefined,1200,1500,10,9789390000000,,,,,,,,,
qqJIa4e7euwXSUTrwQg3,Mardana Bimari Unka Mujarrab Ilaj,Hkm. Tajuddin,General,Undefined,48,60,10,TEMP-9790000001589,,,,,,,,,
Qb4kQ4P5oVsjHWNOKiN4,Mardana Bimariya Aur Unka Ilaj,Hkm. Majeed Ahmed Narvi,General,Undefined,80,100,10,TEMP-9790000001596,,,,,,,,,
xNyjAVkONswdScskfsGs,Masiyahe Tibb,Hkm. Bakir Khan,Reference Books,Undefined,0,0,10,TEMP-9790000001602,,,,,,,,,
hvIx1Icq0Tes9YB0vGsH,Matab Amli,Hkm. Mohd Ahmad Khan,Masters or P.G.,Undefined,240,300,10,TEMP-9790000001619,,,,,,,,,
ObuE1eVx0PnEsZaFyaCZ,Matab Hameed,Hkm. S. Shujauddin Hamdani,Masters or P.G.,Undefined,0,0,10,TEMP-9790000001626,,,,,,,,,
5OlkLWKJDQ2WJXE1wT2L,Matab Nuskha Navesi,Hkm. Abdul Mannan,Masters or P.G.,Undefined,0,0,10,9788190000000,,,,,,,,,
enq8sfB7zafx1cMbCgzp,Matab ul Lateef,Hkm. Kamaluddin Hamdani,Masters or P.G.,Undefined,0,0,10,TEMP-9790000001633,,,,,,,,,
kHLDAdGJAqEqdSpIweZs,Matab-e-Amli Mashiul Mulk,Hkm. Ajmal Khan,Masters or P.G.,Undefined,240,300,10,TEMP-9790000001640,,,,,,,,,
yhezc1QL30Zqvq3GzeNk,Matabe Sharifi,Hkm. Habib Ashar,Masters or P.G.,Undefined,28,35,10,TEMP-9790000001657,,,,,,,,,
2y9oof8TuGgXN2slBci4,Meezan Ul Tibb,Hkm. Md. Akbar Arzani,Masters or P.G.,Undefined,160,200,10,TEMP-9790000001664,,,,,,,,,
P77qFrA20jLlOgWckQDt,Microbiology,Dr. Saba / Dr. Sana,2nd (Second) Prof.,Pathology (Mahiyat-ul-Amraz,120,150,10,9789390000000,,,,,,,,,
7JjxCPiav1Yw7jF79rAg,Miftahul Khazain,Hkm. Karim Bakash,Reference Books,Undefined,0,0,10,TEMP-9790000001671,,,,,,,,,
yGOWcKuocSqVYkyx5J6z,Minhaz Ul Saidla Wa Alkimia,Hkm. Rafeequddin / Dr. Mohd Saleem,2nd (Second) Prof.,Unani Pharmacy (Ilmul Saidla),240,300,10,TEMP-9790000001688,,,,,,,,,
j6QMvSZElgPlFYhP248m,Misbah-ul-Advia (Kulliyate Advia),Dr. Abdus Samad,2nd (Second) Prof.,Unani Pharmacology (Kulliyat-e-Advia),240,300,10,9789390000000,,,,,,,,,
TPFnY0iWtQl31odMnvZE,Misbahul Hikmat Vol.1-2,Hkm. Firoozuddin Lahori Lahori,Reference Books,Undefined,0,0,10,TEMP-9790000001695,,,,,,,,,
y5UsPDL6ZovGrZhNtrvu,Mizaj Ki Shanakht,Hkm. Abu Bakar Zikariya Razi,1st (First) Prof.,Undefined,240,300,10,9789390000000,,,,,,,,,
gD7aTFVpIy04VwFjQTYH,Moalijae Nafsiyaat,Dr. Jaleel Ahmad,3rd (Final) Prof.,Medicine (Moalijat),120,150,10,9788200000000,,,,,,,,,
upDfWZSSkNGhwdE7L4PG,Moalijat Amraz E Maida,Hkm. Imamuddin,3rd (Final) Prof.,Medicine (Moalijat),160,200,10,9789390000000,,,,,,,,,
zyJYrV8ZnXV6hLeSXErN,Moalijat Amraz Qalb Wa Ria,Dr. Md. Irfan,3rd (Final) Prof.,Medicine (Moalijat),116,145,10,TEMP-9790000001701,,,,,,,,,
nRiSFiE9cZyUVLkgwI7g,Moalijat Amraz Shaar,Dr. Abdul Nasir,3rd (Final) Prof.,Medicine (Moalijat),0,0,10,9789390000000,,,,,,,,,
ImHl7hR5tqAxgo52iaWa,Moalijat Amraze Nizame Hazam,Hkm. Abdul Mannan,3rd (Final) Prof.,Medicine (Moalijat),0,0,10,TEMP-9790000001718,,,,,,,,,
EYwO724bozUWwE9GUhue,Moalijat Amraze Nizame Tanaffus,Hkm. Abdul Mannan,3rd (Final) Prof.,Medicine (Moalijat),0,0,10,TEMP-9790000001725,,,,,,,,,
2VUUL56ARFYj8pJmEL11,Moalijat Jild,Dr. Zameer Ahmad,3rd (Final) Prof.,Skin Disorders & Cosmetology (Amraz-e-Jild wa Tazeeniyat),0,0,10,TEMP-9790000001732,,,,,,,,,
zRsvntvmbQxQAeYBVTzy,Moalijat Ke Maroozi Sawalat,Hkm. Syed Fazlur Rehman,Exam Preparation,AIAPGET / PG / MD / MO / UPSC Entrance Exam Books,240,300,10,9788200000000,,,,,,,,,
Lon3TWEskNaNMAcWjrh6,Moalijat Khasusi,Dr. Zameer Ahmad,Masters or P.G.,Undefined,0,0,10,TEMP-9790000001749,,,,,,,,,
kYWl6A5tMZbjCpMSFO6l,Moalijat Maida Wa Jigar,Hkm. Idress Habban,3rd (Final) Prof.,Medicine (Moalijat),200,250,10,9788190000000,,,,,,,,,
7hwlH601uiq4rqZ1W4I6,Moalijat MCQs,Dr. Saleem Akhtar,Exam Preparation,AIAPGET / PG / MD / MO / UPSC Entrance Exam Books,64,80,10,9789390000000,,,,,,,,,
C5X5nGsRwWy1HbeUS8ou,Moalijat Nabvi Vol.1-4,Hkm. Tariq Mehmood Chugtai,General,Undefined,3200,4000,10,TEMP-9790000001756,,,,,,,,,
yhX48tJODKuJ3X7U3y4c,Moalijat Nafeesi,"Allauddin Qarshi



Translation - Abid Hussain",Reference Books,Undefined,1600,2000,10,9788200000000,,,,,,,,,
BpYpD2NEnZ7Soynavkv1,Moalijat Nizame Hazam,Dr. Anwar,3rd (Final) Prof.,Medicine (Moalijat),0,0,10,TEMP-9790000001763,,,,,,,,,
M9maAect3JzkE0wV2cly,Moalijat Qalb Wa Dooran E Khoon,Mannan,3rd (Final) Prof.,Medicine (Moalijat),400,500,10,TEMP-9790000001770,,,,,,,,,
CYdP2kOfHnJ5sLZ1kH1v,Moalijat Shara Asbab,Hkm. Md. Kabiruddin,3rd (Final) Prof.,Medicine (Moalijat),800,1000,10,9789390000000,,,,,,,,,
tuIVSjFuGbIslWw9ywE4,Moalijat Vol 1-4,Hkm. Wasim Ahmad Azmi,,Undefined,520,650,10,TEMP-9790000001787,,,,,,,,,
UkrqDyqc4W75iCOQIOvW,Moalijat-e-Hummiyat,Hkm. Zia Baig,3rd (Final) Prof.,Medicine (Moalijat),160,200,10,TEMP-9790000001794,,,,,,,,,
jzSZXksnQRv6TKPkcJKH,Moalijat-e-Hummiyat,Hkm. Syed Ali Haider Jafri,3rd (Final) Prof.,Medicine (Moalijat),240,300,10,9789390000000,,,,,,,,,
MVMrvpTmANvcbNcIlw84,"Moalijate Amraz Asbi, Ras Wa Nafsiyaat",Hkm. Zia Baig,3rd (Final) Prof.,Medicine (Moalijat),120,150,10,TEMP-9790000001800,,,,,,,,,
JWTej51P9U2vyEgoGz2v,Modern Home Beautician & Cosmetic Sazi,Saba Rasheed,General,Undefined,96,120,10,TEMP-9790000001817,,,,,,,,,
Zbv5cQo6gOkezrZiw2ZJ,Mojzul Qanoon,Hkm. Khawaja Rizwan Ahmad,Masters or P.G.,Undefined,0,0,10,TEMP-9790000001824,,,,,,,,,
8GRpxpTaWrUbXNurkYc7,Mojuz Qanoon,Kausar Chaand Puri,Masters or P.G.,Undefined,0,0,10,TEMP-9790000001831,,,,,,,,,
iino6BpXdPgtJYc5KPd2,Mubadi Mantiq Wa Falsafa,Abdul Dayeem Jalali,1st (First) Prof.,"Urdu, Arabic, Mantiq wa Falsafa",56,70,10,TEMP-9790000001848,,,,,,,,,
DGAS43lwpi6xzsb25NoP,Mubadi Tibb Par Ek Tehqeqi Nazar,Hkm. Altaf Ahmad Azmi,Masters or P.G.,Undefined,0,0,10,TEMP-9790000001855,,,,,,,,,
q4jWu7vavDmhlQkAnUJE,Mubadiyate Mantiq Wa Falsafa,Hkm. Taskheer Ahmad,1st (First) Prof.,"Urdu, Arabic, Mantiq wa Falsafa",160,200,10,9789390000000,,,,,,,,,
5uohWmjONldVwXAyqxfz,Mufeedul Ajsaam,Dr. Fazal Ali,Reference Books,Undefined,240,300,10,TEMP-9790000001862,,,,,,,,,
OYBE9Xhre6Os177BgBLk,Mufredat Azeezi,Hkm. Abdul Aziz,Reference Books,Undefined,0,0,10,TEMP-9790000001879,,,,,,,,,
0W1X8AXwVrxXOsLUlCAr,Muheet Azam Vol.1-4,Hkm. Azam Khan,Reference Books,Undefined,0,0,10,TEMP-9790000001886,,,,,,,,,
KM6nh8d3jRU1H3yX8hde,Mujarrebat Akbari,Hkm. Md. Akbar,Reference Books,Undefined,0,0,10,TEMP-9790000001893,,,,,,,,,
YfsC6uIDjpiMXN8gzKrb,Mujarrebat Bashir,Hkm. Bashir Ahmad,Reference Books,Undefined,0,0,10,TEMP-9790000001909,,,,,,,,,
Dw1Y6iV1zYr2OuDNtmOM,Mujarrebat Israre Hikmat,Hkm. Nood Md. Chauhan,Reference Books,Undefined,800,1000,10,TEMP-9790000001916,,,,,,,,,
MfdbwKMGcTqj19FGOIIK,Mujarrebat Jeelani,Hkm. Gulam Jeelani Amritsari,Reference Books,Undefined,1200,1500,10,TEMP-9790000001923,,,,,,,,,
SMMAFd1dqPQEuQRjvE1y,Mujarrebat Razai,Raza Hasan,Reference Books,Undefined,240,300,10,TEMP-9790000001930,,,,,,,,,
EfjAydu2mw89uUhT8ZOU,Mujarrebat Sultani,Hkm. Maulvi Md. Yaar Khan,Reference Books,Undefined,1600,2000,10,TEMP-9790000001947,,,,,,,,,
Lwi9INkNXqPH4wJWZTSa,Mujrebat Bo Ali Sena,Hkm. Bo Ali Sena,General,Undefined,160,200,10,TEMP-9790000001954,,,,,,,,,
BhxzLCkpOkjxAitsK0Ig,Mujrebate Luqmani,Hkm. Abdul Raheem,Masters or P.G.,Undefined,160,200,10,9789390000000,,,,,,,,,
6fUPPol4SmftZ6IOOWX5,Mukhtasar Tibbi Sawalat Wa Jawabat,Imamuddin,Exam Preparation,AIAPGET / PG / MD / MO / UPSC Entrance Exam Books,80,100,10,TEMP-9790000001961,,,,,,,,,
PUyvVUND4KcibuvlOY4W,Mulkhas Fasool Buqratia,Hkm. Gulam Hasnain Kantori,Reference Books,Undefined,480,600,10,TEMP-9790000001978,,,,,,,,,
IUBH1pFSRdjee7CbH9Ua,Munafe Ul Aza MCQs,Dr. Zubair Ansari,Exam Preparation,AIAPGET / PG / MD / MO / UPSC Entrance Exam Books,80,100,10,TEMP-9790000001985,,,,,,,,,
rueyTTYPyAds7AWOt77B,Munafeul Aza,Javed Ahmed Lari,1st (First) Prof.,Undefined,0,0,10,TEMP-9790000001992,,,,,,,,,
3P2u0V8lVnwV1SYF25uB,Munafeul Aza (Physiology),Hkm. Md. Yusuf Ansari,1st (First) Prof.,Human Anatomy (Tashreeh-ul-Badan),480,600,10,TEMP-9790000002005,,,,,,,,,
7unjErf3aJNWh719xKUL,Munafeul Aza ke Sawal Wa Jawab,Dr. Danish Jafar,Exam Preparation,AIAPGET / PG / MD / MO / UPSC Entrance Exam Books,120,150,10,TEMP-9790000002012,,,,,,,,,
AGVULVHWaZIkk7HJIrbb,Munafeul Mufredat,Hkm. Md. Yusuf Ansari,2nd (Second) Prof.,Single Drugs (Mufradat),320,400,10,TEMP-9790000002029,,,,,,,,,
imxZ9QFb3baZjhALdcM6,Muqadma Ilmul Advia,Hkm. Ahtysham Ul Haque,2nd (Second) Prof.,Unani Pharmacology (Kulliyat-e-Advia),240,300,10,9789390000000,,,,,,,,,
9MwRyYlKCrSTDSvn8ZCv,Murakkabat Ahsaani,Hkm. Ahsan Ali,Reference Books,Undefined,0,0,10,TEMP-9790000002036,,,,,,,,,
IMvxQilCuepwxoYDFEFu,Murakkabat E Advia Vol.1-2,Hkm. Wasim Ahmad Azmi,2nd (Second) Prof.,Drugs Formulation (Murakkabat),640,800,10,TEMP-9790000002043,,,,,,,,,
4aUiNejQSAJKtCapvUY6,Murakkabat Ziai,Dr. Aslam Khan,2nd (Second) Prof.,Drugs Formulation (Murakkabat),160,200,10,9788200000000,,,,,,,,,
5gd7nabeYvH0TrKcltd0,Mustanad Ilaj Nabvi,Shaikh Ahmed Bin Mehmood,General,Undefined,160,200,10,TEMP-9790000002050,,,,,,,,,
0tziRrF3gOvSptLrkOpJ,Mustanad Ilaj Qurani,Shaikh Ahmed Bin Mehmood,General,Undefined,200,250,10,9789390000000,,,,,,,,,
j4WtAeROqcuK3dzrzOBj,Mutadi Wa Wabai Amraz,Dr. Abdul Mubeen Khan,2nd (Second) Prof.,Preventive & Social Medicine (Tahfuzi wa Samaji Tibb),184,230,10,TEMP-9790000002067,,,,,,,,,
Dt217qHPyaZFWk7Hyvab,Naak Kaan Aur Galy Ki Bimariya,Hkm. Mugiz Anjum,General,Undefined,0,0,10,TEMP-9790000002074,,,,,,,,,
VOse0k9iz0W4arvKgBmC,Nabz Wa Qaroora,Hkm. Mansoor Ahmad,2nd (Second) Prof.,Bed Side Clinic (Sareeriyat),160,200,10,TEMP-9790000002081,,,,,,,,,
UOnNjqgZ23EEGX8zI9wi,Nai Jawani,Hkm. Krishan Kuwar Dat Sharma,General,Undefined,40,50,10,TEMP-9790000002098,,,,,,,,,
tDxYSY3BbJwdH9Lbqwz6,Naqush Ka Rasool Number,,General,Undefined,6400,8000,10,TEMP-9790000002104,,,,,,,,,
bg03BCXXh4Lin0CEHGO4,Natural Medical Health Guide,Saba Rasheed,General,Undefined,96,120,10,TEMP-9790000002111,,,,,,,,,
yXjZOg9VNPaIX72L9QIA,Neck Pain (Cervical Spondylosis),Dr. Mohammad Tausif,Masters or P.G.,Undefined,160,200,10,9788190000000,,,,,,,,,
wHJY1YJfsSVXgUCHHI3J,NFUM,CCRUM,Reference Books,Undefined,0,0,10,TEMP-9790000002128,,,,,,,,,
Ki2evuoZqQnHhqau9j0w,Nizame Asab (Nervouse System),Dr. Mohd Saleem,Masters or P.G.,Undefined,400,500,10,TEMP-9790000002135,,,,,,,,,
jxTrxGwDiPQ7HHfni6iN,Pathological Test & Laboratory Works,Hkm. Majeed Ahmad Narvi,2nd (Second) Prof.,Pathology (Mahiyat-ul-Amraz,0,0,10,TEMP-9790000002142,,,,,,,,,
InQzsE8lu8uPZoZh9tVC,Perfect Usoole Tibb,Dr. Md. Akmal,Exam Preparation,AIAPGET / PG / MD / MO / UPSC Entrance Exam Books,320,400,10,9789390000000,,,,,,,,,
HLUDnyBaCr2cTM85LnkI,Pharmaceutical Vol.1-2,Dr. Saima,Masters or P.G.,Undefined,0,0,10,TEMP-9790000002159,,,,,,,,,
yFcTrZGdJdvYs4GalYyj,Pharmacology,Hkm. Md. Yusuf Ansari,2nd (Second) Prof.,Unani Pharmacology (Kulliyat-e-Advia),240,300,10,9788190000000,,,,,,,,,
XI1SqdXjhbvaJq4MCiiA,Practice of Allopethic,Dr. Kamruz Zama,Masters or P.G.,Undefined,240,300,10,9789390000000,,,,,,,,,
DDZMFYi097ACFRecpZyq,Prime Subjectwise MCQs,Dr. Zubair Ansari,Exam Preparation,AIAPGET / PG / MD / MO / UPSC Entrance Exam Books,120,150,10,9789390000000,,,,,,,,,
kdB0taBeG3WmOGB3X4Fd,Qabaliyaat,Hkm. Md. Abbas Rizwi,Masters or P.G.,Undefined,46.4,58,10,TEMP-9790000002166,,,,,,,,,
7XqOEnSrc1qALXPzFnYa,Qadeem Ilmul Amraz,Hkm. Imamuddin Zakai,2nd (Second) Prof.,Pathology (Mahiyat-ul-Amraz,160,200,10,9788190000000,,,,,,,,,
nwsdQayJ96FPS2iOtTgH,Qaleed-e-Murakkabat,Dr. Mohd Shafique Khan,2nd (Second) Prof.,Drugs Formulation (Murakkabat),120,150,10,TEMP-9790000002173,,,,,,,,,
b6T3bYiqJVMFVcy1zreE,Qalmi Nuskha,Ziaul Haq Hassamuddin,Masters or P.G.,Undefined,0,0,10,TEMP-9790000002180,,,,,,,,,
96FyW7fHhShYcNvVhPwK,Qanoon Asri Vol.1,Masihul Mulk Hkm. Ajmal Khan,Reference Books,Undefined,0,0,10,TEMP-9790000002197,,,,,,,,,
6EOEhedDGCN3gnCXGXov,Qarabadeen Ahsaani,Hkm. Ahsan Ali,Reference Books,Undefined,0,0,10,TEMP-9790000002203,,,,,,,,,
JwIqZndgPdosFjqCPhHs,Qarabadeen Bangala,Hkm. Yunus Habibi,Reference Books,Undefined,0,0,10,TEMP-9790000002210,,,,,,,,,
jGcOwp3V2jgJVYC29Wkt,Qarabadeen Jadeed,Hkm. Abdul Hafiz,Reference Books,Undefined,0,0,10,TEMP-9790000002227,,,,,,,,,
uAd1qzthdMS0a8eEF0CG,Qarabadeen Kabir,Hkm. Hadi Hasan Khan,Reference Books,Undefined,3200,4000,10,TEMP-9790000002234,,,,,,,,,
1SY7KseG4qSHWK0H6pLz,Qarabadeen Sarkari,Govt. of India,Reference Books,Undefined,0,0,10,TEMP-9790000002241,,,,,,,,,
4er0jXnWMy89RzGV1H33,Qarabadeen-e-Azam,Hkm. Md. Azam Khan,Masters or P.G.,Undefined,640,800,10,TEMP-9790000002258,,,,,,,,,
hemH1Et3Idq8ybiMfdhL,Qarabadeen-e-Najmul Gani,Hkm. Najmul Gani,Masters or P.G.,Undefined,1600,2000,10,9789390000000,,,,,,,,,
vhLMkLMyg7CR6wdd4LO3,Qarabadeen-E-Qadri,Hkm. Akbar Arzani,Masters or P.G.,Undefined,320,400,10,TEMP-9790000002265,,,,,,,,,
JE4o4DWBdQNUZms4gXV3,Qarabadeene Jalali,Hkm. Jalaluddin Amrohvi,Reference Books,Undefined,0,0,10,TEMP-9790000002272,,,,,,,,,
lfOJj5cL5NlIFC1JTMXP,Qarabdeen-e-Majeedi,Hamdard,2nd (Second) Prof.,Drugs Formulation (Murakkabat),240,300,10,TEMP-9790000002289,,,,,,,,,
2G8nKEjqAqVnmfKWP5M7,Qawaneen-e-Advia (Kulliyate Advia),Hkm. Ayub Ali Qasmi,2nd (Second) Prof.,Unani Pharmacology (Kulliyat-e-Advia),120,150,10,TEMP-9790000002296,,,,,,,,,
aaBKl04e3kEA1x54OoeY,Rafeeq Matab,Hkm. Arshad Shaheen,Masters or P.G.,Undefined,0,0,10,TEMP-9790000002302,,,,,,,,,
1o17G306mDPqzrkqcq8Q,Ramooze Atibba Vol.1-2,Hkm. Firozuddin,Masters or P.G.,Undefined,1600,2000,10,TEMP-9790000002319,,,,,,,,,
mFw2ldZLLRmNdQWuBB8m,Regimental Therapies {Ilaj Bil Tadbeer},Dr. Izharul Hassan,3rd (Final) Prof.,Regimenal Therapy (Ilaj-bil-Tadbeer),480,600,10,9788200000000,,,,,,,,,
g2FIORnLpXsvjanOIDmj,Rehbar E Tashkeesh,Hkm. Md. Yusuf Ansari,2nd (Second) Prof.,Bed Side Clinic (Sareeriyat),320,400,10,9789390000000,,,,,,,,,
PJ1Qql1lixvOA3Vzi01W,Rehbar Jild,Dr. Shoaib,3rd (Final) Prof.,Skin Disorders & Cosmetology (Amraz-e-Jild wa Tazeeniyat),0,0,10,9788200000000,,,,,,,,,
amLBz5PZSaXQoqSVXeJh,Rehbar Kulliyate Advia,Syed Afzal Hussain,2nd (Second) Prof.,Unani Pharmacology (Kulliyat-e-Advia),320,400,10,9788200000000,,,,,,,,,
i3SRJraEC9GcYs8eaEP5,Rehbar Kulliyate Umoore Tabaiyya,Syed Afzal Hussain,1st (First) Prof.,Basic Principle of Unani Medicine (Umoor-e-Tabiya),480,600,10,9788200000000,,,,,,,,,
K3jTWzxQFKl63AuZGAtO,Rehbar Mantiq Wa Falsafa,Syed Afzal Hussain,1st (First) Prof.,"Urdu, Arabic, Mantiq wa Falsafa",240,300,10,9788200000000,,,,,,,,,
nt2aquSrc2TMwPoUTv4P,Rehbar Urdu Qawaid,Syed Afzal Hussain,1st (First) Prof.,"Urdu, Arabic, Mantiq wa Falsafa",160,200,10,9789390000000,,,,,,,,,
RFbDbfqivqsuSPKfJfvt,Rehbar Usoole Ilaj Wa Nuskha Navesi,Syed Afzal Hussain,2nd (Second) Prof.,Principle of Management (Usool-e-Ilaj),320,400,10,9788200000000,,,,,,,,,
JGcsQ81f6Mgd5k6gz4P9,Rehbar-e-Ilmul Jarahat Vol.1,Dr. Md. Anzar Hussain,3rd (Final) Prof.,Surgery (Ilmul Jarahat),240,300,10,TEMP-9790000002326,,,,,,,,,
bee5Cg86dhbbNsbfVVUq,Rehbare Moalijat,Dr. Mohd Shamim,Exam Preparation,AIAPGET / PG / MD / MO / UPSC Entrance Exam Books,240,300,10,9788190000000,,,,,,,,,
G5k0wkm4dhiflIbpStPR,Rehnuma-e-Advia,Dr. Zubair Ansari,Exam Preparation,AIAPGET / PG / MD / MO / UPSC Entrance Exam Books,160,200,10,TEMP-9790000002333,,,,,,,,,
bP5vUUx3YgN7GYUuTL1I,Rehnumae Akakir Vol.1-2,Hkm. Gulam Mohiuddin,Reference Books,Undefined,0,0,10,TEMP-9790000002340,,,,,,,,,
u8AWUSuuOK5CzcIvW2cH,Rehnumae Mamool,Hkm. Wamiq Ameen,Reference Books,Undefined,0,0,10,TEMP-9790000002357,,,,,,,,,
uBHiRODVe2lnWreA7Rim,Rehnumae Takhdeer,Dr. Ziaul Hasan,Reference Books,Undefined,0,0,10,TEMP-9790000002364,,,,,,,,,
usVgLQ0TCDTogDPaCKqg,Rehnumae Tashkeesh,Dr. Ahtyshamul Haq,Reference Books,Undefined,0,0,10,TEMP-9790000002371,,,,,,,,,
vRBnznIbu654PLwjlzMT,Rehnumae Tashkeesh ul Amraz,Dr. Mirza Ameen,Reference Books,Undefined,0,0,10,TEMP-9790000002388,,,,,,,,,
EHRVomyMy8aGs3NXr1W7,Rehnumae Tibb,Hkm. Hashsham Siddiqi,Reference Books,Undefined,0,0,10,TEMP-9790000002395,,,,,,,,,
vacge44PAW09eMTx7ftv,Rehnumai Amraze Niswan,Dr. Mehmooda Anzar / Md. Anzar,3rd (Final) Prof.,Gynecology & Obstetrics (Amraz-e-Niswan wa Ilmul Qabalat),280,350,10,TEMP-9790000002401,,,,,,,,,
LklZl3WzF55CTqx91bYq,Rehnumai Ilmul Qabalat,Dr. Mehmooda Anzar / Md. Anzar,3rd (Final) Prof.,Gynecology & Obstetrics (Amraz-e-Niswan wa Ilmul Qabalat),320,400,10,9788200000000,,,,,,,,,
OIylWmgOVGznoTathpBT,Rehnumai Saidla,Dr. Saleem Akhtar,2nd (Second) Prof.,Unani Pharmacy (Ilmul Saidla),160,200,10,TEMP-9790000002418,,,,,,,,,
9MC7olU1XYrL4qMgBLyf,"Rehnumai Uzn, Unf Wa Halaq (ENT)",Dr. Md. Anzar Hussain,3rd (Final) Prof.,"Ear, Nose & Throat (ENT/Uzn, Unf, Halaq wa Asnan)",240,300,10,TEMP-9790000002425,,,,,,,,,
wZo4nIhXOLKp3R977hIm,Research Methodology & Medical Statistics,Md. Iqbal,3rd (Final) Prof.,Research Methodology & Medical Statistics,320,400,10,9789390000000,,,,,,,,,
jrOhldhmrLlE9irrkobq,Risala Atishk,Hkm. Md. Kabiruddin,Reference Books,Undefined,0,0,10,TEMP-9790000002432,,,,,,,,,
EZr7DQ6prkjlztg0EWzb,Risala Haiza,Hkm. Md. Kabiruddin,Reference Books,Undefined,160,200,10,TEMP-9790000002449,,,,,,,,,
Tb0q53w1abYvMCiMBg1M,Risala Hammam,Mohd. Sheeraz,Masters or P.G.,Undefined,120,150,10,9788200000000,,,,,,,,,
LzfQZNEmpiY6i4Tf7JcP,Risala Nuskha Navesi,Hkm. Talfa Ibrahim,Reference Books,Undefined,0,0,10,TEMP-9790000002456,,,,,,,,,
8qgyVuHFhbfBObMJ2VDT,Risala Qabz Wa Bawasir,Hkm. Md. Kabiruddin,Reference Books,Undefined,0,0,10,TEMP-9790000002463,,,,,,,,,
JZ1fKevb6rRxD7z8rXeF,Risala Tareeful Nabz,Hkm. Basheer Ahmad,Reference Books,Undefined,160,200,10,TEMP-9790000002470,,,,,,,,,
jh69lDoNSE2Qye9MHQps,Riyazul Salkeen,Hkm. Idress Habban,General,Undefined,320,400,10,9788190000000,,,,,,,,,
ZdSMl8qPR1CoM836ZGI5,Ruhu-Al-Kimiya,Hkm. Md. Ismail,General,Undefined,320,400,10,TEMP-9790000002487,,,,,,,,,
19jRTRRM1Mvz0ztP2I9W,Sabziyon Se Ilaj Kijiye,Hkm. Idress Habban,General,Undefined,160,200,10,9789390000000,,,,,,,,,
Gg889tdqPFBErNqPVa0C,Sadeedi,"Sharah - Sadeedi



Urdu Translation - Abid Hussain",Reference Books,Undefined,800,1000,10,TEMP-9790000002494,,,,,,,,,
Xmj4VSUK5OX4k5P1uvq3,Sahraha Kulliyat E Qanoon,Ibne Seena / Hkm. Md. Kabiruddin,Masters or P.G.,Undefined,480,600,10,TEMP-9790000002500,,,,,,,,,
ydoaqCXIO2hsmf64EScd,Saririyat Ilme Tashkeesh,Hassan Nigrami,2nd (Second) Prof.,Bed Side Clinic (Sareeriyat),64,80,10,TEMP-9790000002517,,,,,,,,,
JUjZbnqqJn54m7GEi8HN,Saririyat Jadeed,Dr. Tabrez Akhtar,2nd (Second) Prof.,Bed Side Clinic (Sareeriyat),120,150,10,9789390000000,,,,,,,,,
ddCKk25j6f1Mfw1uReJa,Sartaan Ka Mukammal Ilaj Kijiye,Hkm. Idress Habban,General,Undefined,200,250,10,9789390000000,,,,,,,,,
TaEJJQrCndeVCc4H8C6w,Sehat Mand Zindagi Ke Raaz,Hkm. Idress Habban,General,Undefined,200,250,10,TEMP-9790000002524,,,,,,,,,
21gp8qxDCKON7GTjqzRV,Sharah Minhaj Ul Arabia Vol 1-2,Syed Nabi,1st (First) Prof.,"Urdu, Arabic, Mantiq wa Falsafa",120,150,10,TEMP-9790000002531,,,,,,,,,
7mWWWPtovRSjPxuEecMb,Sharah Ziabtul Tehzeeb,Maulana Sultan Hasan Khan,General,Undefined,480,600,10,TEMP-9790000002548,,,,,,,,,
HmzW0LDtoLLT6uvJFd6Q,Shehad Encyclopedia,Hkm. Tahir Mehmood Bhat,Reference Books,Undefined,800,1000,10,TEMP-9790000002555,,,,,,,,,
p39qVHbBtje5F4zRXd0k,Shikwah Jawab Shikwah Eng,"Allama Md. Iqbal, Sultan Zahur",General,Undefined,120,150,10,TEMP-9790000002562,,,,,,,,,
HBIDQpjr9yunkDm8vo0L,Standardization of Single Drugs Vol.1-4,CCRUM,Reference Books,Undefined,0,0,10,TEMP-9790000002579,,,,,,,,,
svYCyuyQs72sgSVSXcnp,Sugar,Sabdar Shahin,General,Undefined,80,100,10,TEMP-9790000002586,,,,,,,,,
P4f5zqRhnMgMJlLuCTSn,Sunnate Nabvi Aur Jadeed Science Hindi,Tariq Mehmood Chugtai,General,Undefined,160,200,10,TEMP-9790000002593,,,,,,,,,
V655VuGh7kEFE2U8Elv6,Sunnate Nabvi Aur Jadeed Science Vol.1-3,Hkm. Tariq Mehmood Chugtai,General,Undefined,960,1200,10,TEMP-9790000002609,,,,,,,,,
zZXcjfjuY3kjXH5vMpuJ,Surgery Scholar Guide MCQs,Dr. Raashid Qazi,Exam Preparation,AIAPGET / PG / MD / MO / UPSC Entrance Exam Books,480,600,10,9789390000000,,,,,,,,,
REmtxo1esHWXwSmE1qp5,Systemic Pathology,Dr. Saba / Dr. Sana,2nd (Second) Prof.,Pathology (Mahiyat-ul-Amraz,320,400,10,9789390000000,,,,,,,,,
Cx4Pp53dRSldexycsfTm,Systemic Pathology Vol.2,Dr. Sana / Dr. Sabiha,2nd (Second) Prof.,Pathology (Mahiyat-ul-Amraz,200,250,10,9789390000000,,,,,,,,,
KWAnIAIx53NbFdCoNW7G,Tahfuzi wa Samaji Tibb,Dr. Abdul Mubeen Khan,2nd (Second) Prof.,Preventive & Social Medicine (Tahfuzi wa Samaji Tibb),320,400,10,9789390000000,,,,,,,,,
mJXqkw8jATU1Phw1SQY0,Tahfuzi wa Samaji Tibb,Hkm. Md. Yusuf Ansari,2nd (Second) Prof.,Preventive & Social Medicine (Tahfuzi wa Samaji Tibb),320,400,10,9789390000000,,,,,,,,,
sJy8kuQNgiiOBdu97zcv,Tajul Mufredat,Dr. Nasir Ahmad Tariq,2nd (Second) Prof.,Single Drugs (Mufradat),400,500,10,TEMP-9790000002616,,,,,,,,,
9cssD3LCyMDA31uciFp2,Tajurbat Matab,Abdul Mannan,Masters or P.G.,Undefined,0,0,10,TEMP-9790000002623,,,,,,,,,
iNA1UM5y7eu4PxsE29Qt,Tajurbat Shaikh Bo Ali Sena,Sahab Zada Zaki Asooni,Masters or P.G.,Undefined,0,0,10,TEMP-9790000002630,,,,,,,,,
4HIMeRkfB1xzN164YBzi,Tajurbate Matab,Hkm. Abdul Mannan,Masters or P.G.,Undefined,120,150,10,TEMP-9790000002647,,,,,,,,,
lBRhj214bwjmiPonOmuX,Taleemul Advia,Hkm. Hafiz Jaleel Ahmad,Reference Books,Undefined,480,600,10,TEMP-9790000002654,,,,,,,,,
OWMOhjmZZFbEled5RVx5,Taleemul Mufredat,Syed Afzal Hussain,2nd (Second) Prof.,Single Drugs (Mufradat),640,800,10,9789390000000,,,,,,,,,
YGMWQfXBocuBZmRmHqEn,Taleemul Qabla,Hkm. Abdul Razzaq,Reference Books,Undefined,0,0,10,TEMP-9790000002661,,,,,,,,,
wq4o3Qw9hXTUmKuu2aos,Talkeesh Sharah Asbab,Dr. Javed Khan,Exam Preparation,Medicine (Moalijat),320,400,10,TEMP-9790000002678,,,,,,,,,
Py0g87clBxdien3LSE7S,Tarikh Adab Urdu,Ram Babu Sakcena,General,Undefined,160,200,10,TEMP-9790000002685,,,,,,,,,
TnJiP78ASet4CGvnfj5l,Tarikh Tibb Wa Atibbae Qadeem,Prof. Hkm. Syed Haider,1st (First) Prof.,History & Ethics of Medicine (Tareekh-e-Tibb),240,300,10,TEMP-9790000002692,,,,,,,,,
sJ5WfUftavcziX9dd1Qb,Tarikh Tibb Wa Mantiq Falsafa MCQs,Dr. Zubair Ansari,Exam Preparation,AIAPGET / PG / MD / MO / UPSC Entrance Exam Books,80,100,10,9789390000000,,,,,,,,,
LZjQwLHevAqVelPuKFwj,Tarikhe Tibb,Ashar Qadir,1st (First) Prof.,Undefined,320,400,10,TEMP-9790000002708,,,,,,,,,
CV1owAhjbJha0oloTjLq,Tarikhe Tibb Wa Usoole Akhlaqiyaat,Syed Afzal Hussain,1st (First) Prof.,History & Ethics of Medicine (Tareekh-e-Tibb),320,400,10,9789390000000,,,,,,,,,
VzbLTkWhfNQrjrAYyNo1,Tariqahaye Ilaj,Dr. Azam,Masters or P.G.,Undefined,240,300,10,9788200000000,,,,,,,,,
Kiyk3wp87LibMGa3bnRH,Tashkeesh Aur Ilaj,Dr. Rasheed,Reference Books,Undefined,640,800,10,TEMP-9790000002715,,,,,,,,,
LiKDanTczvhcjdb5TKTG,Tashkeesh Ramooz,Hkm. Md. Azimuddin,Masters or P.G.,Undefined,320,400,10,TEMP-9790000002722,,,,,,,,,
DUtcP3RUeAgcOFAqGOL5,Tashkeeshe Ramooz,Hkm. Azimuddin,Masters or P.G.,Undefined,320,400,10,TEMP-9790000002739,,,,,,,,,
A3D14GCIPK0p3NvkLs9M,Tashkeeshul Amraz,Shamshul Afaaq,2nd (Second) Prof.,Bed Side Clinic (Sareeriyat),0,0,10,TEMP-9790000002746,,,,,,,,,
uk97jTKmJE7SgYS6cW45,Tashkeeshul Amraz,Akhtar Siddiqi,2nd (Second) Prof.,Bed Side Clinic (Sareeriyat),0,0,10,TEMP-9790000002753,,,,,,,,,
7SHw3OW8Itv4LQxQh5Ft,Tashreehul Ahisha,Hkm. Mohd Ahmad Lari,1st (First) Prof.,Human Anatomy (Tashreeh-ul-Badan),240,300,10,9789390000000,,,,,,,,,
NeoBkkUXURVhLHJ32bEY,Tashreehul Azam,Dr. Shabbir Ahmad,1st (First) Prof.,Human Anatomy (Tashreeh-ul-Badan),320,400,10,TEMP-9790000002760,,,,,,,,,
pp9PyJPJkwJKYfhJ1wzC,Tashreeul Mufasil,M.A. Lari,1st (First) Prof.,Human Anatomy (Tashreeh-ul-Badan),0,0,10,TEMP-9790000002777,,,,,,,,,
7kz0FpvQjCKgnv97NuVB,Tashrihul Badan Vol.1-2,Dr. Alauddin,1st (First) Prof.,Human Anatomy (Tashreeh-ul-Badan),560,700,10,TEMP-9790000002784,,,,,,,,,
3ab2CLiuwst19mu18nBr,Tehdeed Kulliyate Umoore Tabbiya,Jaleel Ahmed,1st (First) Prof.,Basic Principle of Unani Medicine (Umoor-e-Tabiya),200,250,10,9788200000000,,,,,,,,,
npKIuAMUOrGhUe5R26xp,Tehdeed Mantiq Wa Falsafa,Abdul Jaleel Ahmed,1st (First) Prof.,"Urdu, Arabic, Mantiq wa Falsafa",200,250,10,9788200000000,,,,,,,,,
82LvAXXCleecppO41WCV,Textbook of Medical Physiology,Indu Khurana,Modern Books,Undefined,2316,2895,10,TEMP-9790000002791,,,,,,,,,
hNOjS4KqD5rrsa8qXl5Z,Textbook of Medical Physiology,Guyton & Hall,Modern Books,Physiology (Munafe-ul-Aza),2100,2625,10,TEMP-9790000002807,,,,,,,,,
NH7tx1AbAhOQHAF9pwT7,Textbook of Physiology,A.K. Jain,Modern Books,Undefined,1756,2195,10,TEMP-9790000002814,,,,,,,,,
Qz2e6woVma9tMUChsiLL,The Canon of Medicine,"Avicenna, Laleh Bakhtiar",Masters or P.G.,Undefined,1600,2000,10,TEMP-9790000002821,,,,,,,,,
ybZzbttE3g6CozEdsUn5,The Mizaj & Infialat-E-Nafsaniyah,Dr. Jaleel,1st (First) Prof.,Basic Principle of Unani Medicine (Umoor-e-Tabiya),200,250,10,TEMP-9790000002838,,,,,,,,,
hozOpThakgJKtSjlQMl9,The Pioneer,Dr. Danish & Izhar,Exam Preparation,AIAPGET / PG / MD / MO / UPSC Entrance Exam Books,240,300,10,9788200000000,,,,,,,,,
AJPZXGb2sqvbP7opd2H7,The Premier,Dr. Izharul Hasan,Exam Preparation,AIAPGET / PG / MD / MO / UPSC Entrance Exam Books,320,400,10,9788190000000,,,,,,,,,
nSeMGYV3fZnSA8WZIgnk,The Premier Advance,Dr. Izharul Hasan,Exam Preparation,AIAPGET / PG / MD / MO / UPSC Entrance Exam Books,240,300,10,9789390000000,,,,,,,,,
LMymZuDiz3E0XzwXMVhp,Tibbe Ahsani,Ahsaan Ali,Masters or P.G.,Undefined,120,150,10,9789390000000,,,,,,,,,
N8sD299urQiOubn9kETP,Tibbe Akbar,Hkm. Mohd. Akbar Arzani,Masters or P.G.,Undefined,320,400,10,TEMP-9790000002845,,,,,,,,,
RK8j9rCjeDjF9yqu6qrY,Tibbe Nabvi Khajor Sehad Se Ilaj,Dr. Mouzam Javed,General,Undefined,96,120,10,TEMP-9790000002852,,,,,,,,,
9htdEAK62Z8UblQyFl1B,Tibbe Qanoon,Md. Farooq,Masters or P.G.,Undefined,0,0,10,TEMP-9790000002869,,,,,,,,,
jGWQ1WNdAnKTriZJ2rVM,Tibbe Qanooni,Abdul Mobeen,2nd (Second) Prof.,Forensic Medicine (Tibb-e-Qanooni),0,0,10,TEMP-9790000002876,,,,,,,,,
eHG1TSFjcfZ6rV25Z4Qd,Tibbe Qanooni (Juris Prudunce),Hkm. Md. Yusuf Ansari,2nd (Second) Prof.,Forensic Medicine (Tibb-e-Qanooni),280,350,10,9789390000000,,,,,,,,,
7vYJyHs4QYOMh54bkjpX,Tibbe Qanooni Wa Ilmum Samoom,Fazlur Rehman,2nd (Second) Prof.,Forensic Medicine (Tibb-e-Qanooni),0,0,10,TEMP-9790000002883,,,,,,,,,
sHNJvpLe6OTkzJgxUC1x,Tibbe Yusufi,Yusufi Bin Yusuf,Reference Books,Undefined,1600,2000,10,TEMP-9790000002890,,,,,,,,,
qK36m8ZHyMaRBlGmWfZw,Tibbi Arabic Reader,Hkm. Raziul Islam Nadvi,1st (First) Prof.,"Urdu, Arabic, Mantiq wa Falsafa",160,200,10,9788200000000,,,,,,,,,
JUbJEBmQFjREvcGdNlNH,Tibbi Qanooncha,Hkm. Gulam Hasnain Kantori,Reference Books,Undefined,400,500,10,TEMP-9790000002906,,,,,,,,,
ekkog3YmX7rLUxkmRvcv,Tibbi Shipare,Hkm. Maulvi Md. Yaar Khan,Reference Books,Undefined,640,800,10,TEMP-9790000002913,,,,,,,,,
Gc5vhQU1vQcXZgRMqAhq,Tibbul Qanoon (Juris Prudunce),Hkm. Hammad Usmani,2nd (Second) Prof.,Forensic Medicine (Tibb-e-Qanooni),120,150,10,TEMP-9790000002920,,,,,,,,,
wm69FFvetsH6ZpeWpcVt,Tilasmi Nuskhe,Hkm. Habib Ashar,Masters or P.G.,Undefined,28,35,10,TEMP-9790000002937,,,,,,,,,
qYLzJuUamYyEmR3cr4hJ,Tohfa Husn Jamal,Hkm. Idress Habban,General,Undefined,240,300,10,9788190000000,,,,,,,,,
rGcSPgY18KGOwGrBdKDF,Tohfa Mushkil Kusha,Sufi Md. Aslam,General,Undefined,200,250,10,TEMP-9790000002944,,,,,,,,,
OpN7kFCfLC1iU0NfMxCS,Tohzihul Habis,Md. Irfan,,Undefined,240,300,10,TEMP-9790000002951,,,,,,,,,
PA8DAFINMXs6onRZxMZt,Toxicology {Ilmum Samoom},Dr. Md. Akmal,2nd (Second) Prof.,Toxicology (Ilmul Samoom),120,150,10,TEMP-9790000002968,,,,,,,,,
ND7jsTBsdTT7YufyccBI,Tufili Ajsaam,Mirza Abdul Noor Baig,Reference Books,Undefined,160,200,10,TEMP-9790000002975,,,,,,,,,
SbZSu7vnAYtFmgOOJ039,Ultrasound Guide,Dr. Atiqur Rehman,,Undefined,0,0,10,TEMP-9790000002982,,,,,,,,,
MM9RV8AdXdj09FxFggIS,Ummul Ilaj,Hkm. Imamullah,Reference Books,Undefined,240,300,10,TEMP-9790000002999,,,,,,,,,
IjCobKnimiYxHIVVTjo2,Umoore Tabaiyya,Hkm. Israrul Haq,1st (First) Prof.,Basic Principle of Unani Medicine (Umoor-e-Tabiya),56,70,10,TEMP-9790000003002,,,,,,,,,
Q8WqweFDQxCYqf6UYc1o,Umoore Tabbiya,Hkm. Khalid Zama Khan,1st (First) Prof.,Basic Principle of Unani Medicine (Umoor-e-Tabiya),120,150,10,TEMP-9790000003019,,,,,,,,,
VQwlAFRpLKqCeQ15zfAV,Umoore Tabbiya,Dr. Abid Ali Ansari,1st (First) Prof.,Basic Principle of Unani Medicine (Umoor-e-Tabiya),160,200,10,TEMP-9790000003026,,,,,,,,,
z5cz80GubvXJO2awuBRB,Umoore Tabbiya Color Vol.1-2,Prof. Mohd Aslam,1st (First) Prof.,Basic Principle of Unani Medicine (Umoor-e-Tabiya),640,800,10,9788200000000,,,,,,,,,
EVOahkBoIJxFG9xAdFkb,Umoore Tibbiya (Kulliyat E Tibb),Hkm. Abdul Wahab,1st (First) Prof.,Basic Principle of Unani Medicine (Umoor-e-Tabiya),200,250,10,TEMP-9790000003033,,,,,,,,,
1SfUweDY7JxQ5kmfAHoq,Unani Advia Murakkaba,Md. Hassan Nigrami,Masters or P.G.,Undefined,640,800,10,TEMP-9790000003040,,,,,,,,,
oLnCcnqXs7ESzg5zKL0m,Unani Clinical Method {Nabz Bool Wa Baraz} Eng,M. A. Parwez,2nd (Second) Prof.,Bed Side Clinic (Sareeriyat),120,150,10,TEMP-9790000003057,,,,,,,,,
USMa5BwPTyO4BoCrgmvo,Unani Cosmetology,Dr. Sheema,3rd (Final) Prof.,Skin Disorders & Cosmetology (Amraz-e-Jild wa Tazeeniyat),240,300,10,TEMP-9790000003064,,,,,,,,,
VUlz3ayU9Q39w8rKmg6w,Unani Dermatology,Dr. Izharul Hassan,3rd (Final) Prof.,Skin Disorders & Cosmetology (Amraz-e-Jild wa Tazeeniyat),320,400,10,9788200000000,,,,,,,,,
lJbojgBpozZCMtsmmD9j,Unani Drugs Mineral Origin,Dr. M.A Qureshi,2nd (Second) Prof.,Single Drugs (Mufradat),320,400,10,TEMP-9790000003071,,,,,,,,,
Yhfjibl5DQXc87L7vYVx,Unani General Knowledge,Dr. Saleem Akhtar,Exam Preparation,AIAPGET / PG / MD / MO / UPSC Entrance Exam Books,120,150,10,TEMP-9790000003088,,,,,,,,,
4DUyiGCc3Q9UlOdVgBJD,Unani Imtehanat Guide,Dr. Sheerazi,Exam Preparation,AIAPGET / PG / MD / MO / UPSC Entrance Exam Books,200,250,10,9788200000000,,,,,,,,,
LYdPxGKdGhYWVT4LhWwv,Unani Insight of Pathology {Qadim Ilmul Amraz},Dr. Sana / Dr. Sabiha,2nd (Second) Prof.,Pathology (Mahiyat-ul-Amraz,200,250,10,TEMP-9790000003095,,,,,,,,,
yeITRq6Oj89El8DomFkQ,Unani Pharmacopoeia,CCRUM,Reference Books,Undefined,0,0,10,TEMP-9790000003101,,,,,,,,,
4cspiFSKytG4O17y04sR,Unani Pharmacy (Ilmul Saidla),Dr. Mohd Ahmad Parwez,2nd (Second) Prof.,Unani Pharmacy (Ilmul Saidla),240,300,10,9789390000000,,,,,,,,,
bVDT9QTRAZb44hiNMonV,Unique Pathalogy MCQs,Dr. Aysha Raza,Exam Preparation,AIAPGET / PG / MD / MO / UPSC Entrance Exam Books,360,450,10,9788200000000,,,,,,,,,
oGiVyyMNP5SyzF2o6j6b,Urology (Colour Picture),Dr. Rashid Qazi,3rd (Final) Prof.,Surgery (Ilmul Jarahat),400,500,10,TEMP-9790000003118,,,,,,,,,
lNRz0Ps70UDGq70ZUNiq,Usoole Advia,Hkm. Ziaullah Faizi,Reference Books,Undefined,0,0,10,TEMP-9790000003125,,,,,,,,,
zz1NsaHdVOSdBc3ro7Vi,Usoole Advia,Dr. Aftaab Ahmad,Reference Books,Undefined,0,0,10,TEMP-9790000003132,,,,,,,,,
FSWWdQcg2YrywGXyzlPO,Usoole Tashkeesh (Sarerriyat),Dr. Zubair Ansari,2nd (Second) Prof.,Bed Side Clinic (Sareeriyat),160,200,10,9788200000000,,,,,,,,,
HDAD5PfVEKPFLdXNQ5zW,Usoole Tibb,Hkm. Kamaluddin / Syed Afzal Hussain,1st (First) Prof.,Basic Principle of Unani Medicine (Umoor-e-Tabiya),320,400,10,9789390000000,,,,,,,,,
7l7UJ7PEyNqIGvcTSHSn,Usoole Tibb 2020 Edition,Hkm. S. Kamaluddin,1st (First) Prof.,Basic Principle of Unani Medicine (Umoor-e-Tabiya),320,400,10,9789390000000,,,,,,,,,
vYJhsUpNqzRH2K0K0Sx3,"Uzn, Unf Wa Halaq (ENT)",Hkm. Md. Yusuf Ansari,3rd (Final) Prof.,"Ear, Nose & Throat (ENT/Uzn, Unf, Halaq wa Asnan)",280,350,10,9789390000000,,,,,,,,,
YkFfkbKv0KRxNWawfuwV,Wabal Wa Nikal Aatish Wa Suzak,Hkm. Md. Kabiruddin,Reference Books,Undefined,160,200,10,TEMP-9790000003149,,,,,,,,,
80CwX97rVfByZgXNY1Yz,Wafyat Atibb-E-Hind-W-Pak Vol.1 Part 1,Hkm. Wasim Ahmad Azmi,General,Undefined,155.2,194,10,TEMP-9790000003156,,,,,,,,,
Qj6WOjze8ynCwdUAG9jR,Wasi Medical Dictionary,Hkm. Azizur Rehman Azmi,Masters or P.G.,Undefined,0,0,10,TEMP-9790000003163,,,,,,,,,
FGFXSa4emuckR07gwqjG,Wazan Kam Kijaye,Hkm. Idress Habban,General,Undefined,160,200,10,TEMP-9790000003170,,,,,,,,,
GvrbHvOica6O6yz8XByc,Zaade Gareeb,Hkm. Sadiq Wa Sharif Khan,Reference Books,Undefined,800,1000,10,TEMP-9790000003187,,,,,,,,,
wctSxRyT3tMkxoRlVx9B,Zakhera Khawarzim Shahi,Hkm. Ahmadul Hasan Jurjani,Masters or P.G.,Undefined,2000,2500,10,TEMP-9790000003194,,,,,,,,,
u2YKiKvjNdEOvtG1IFdP,Zanana Amraz Ka Ilaj,Hkm. Majeed Ahmed Narvi,General,Undefined,56,70,10,9788190000000,,,,,,,,,
1aVQDCBukGsC3KSZDVDF,ZEST MCQs of Gyn & Obst,Dr. Aisha Raza,Exam Preparation,AIAPGET / PG / MD / MO / UPSC Entrance Exam Books,320,400,10,9789390000000,,,,,,,,,
JPj2ujGMIocvMfehYKBw,Zikariya Tashkeesh,Dr. Minhajuddin,Reference Books,Undefined,0,0,10,TEMP-9790000003200,,,,,,,,,
